[simplified undefined symbols]
URLRequest.httpMethod.setter
URLRequest.cachePolicy.setter
URLRequest._bridgeToObjectiveC()
URLRequest.allHTTPHeaderFields.getter
static URLRequest._unconditionallyBridgeFromObjectiveC(_:)
URLRequest.init(url:cachePolicy:timeoutInterval:)
URLRequest.url.getter
URLRequest.addValue(_:forHTTPHeaderField:)
URLRequest.httpBody.setter
URLRequest.setValue(_:forHTTPHeaderField:)
type metadata accessor for URLRequest
nominal type descriptor for URLRequest
enum case for JSONDecoder.KeyDecodingStrategy.convertFromSnakeCase(_:)
type metadata accessor for JSONDecoder.KeyDecodingStrategy
dispatch thunk of JSONDecoder.keyDecodingStrategy.setter
enum case for JSONDecoder.DateDecodingStrategy.custom(_:)
type metadata accessor for JSONDecoder.DateDecodingStrategy
dispatch thunk of JSONDecoder.dateDecodingStrategy.setter
dispatch thunk of JSONDecoder.decode<A>(_:from:)
JSONDecoder.init()
type metadata accessor for JSONDecoder
nominal type descriptor for JSONDecoder
static JSONEncoder.OutputFormatting.sortedKeys.getter
static JSONEncoder.OutputFormatting.prettyPrinted.getter
type metadata accessor for JSONEncoder.OutputFormatting
nominal type descriptor for JSONEncoder.OutputFormatting
protocol conformance descriptor for JSONEncoder.OutputFormatting
protocol conformance descriptor for JSONEncoder.OutputFormatting
protocol conformance descriptor for JSONEncoder.OutputFormatting
dispatch thunk of JSONEncoder.outputFormatting.modify
dispatch thunk of JSONEncoder.outputFormatting.setter
dispatch thunk of JSONEncoder.encode<A>(_:)
JSONEncoder.init()
type metadata accessor for JSONEncoder
static CharacterSet.whitespaces.getter
CharacterSet.init(charactersIn:)
static CharacterSet.alphanumerics.getter
static CharacterSet.urlQueryAllowed.getter
static CharacterSet.uppercaseLetters.getter
static CharacterSet.whitespacesAndNewlines.getter
static CharacterSet._unconditionallyBridgeFromObjectiveC(_:)
CharacterSet.union(_:)
CharacterSet.contains(_:)
static CharacterSet.newlines.getter
type metadata accessor for CharacterSet
nominal type descriptor for CharacterSet
URLQueryItem.init(name:value:)
URLQueryItem.name.getter
URLQueryItem.value.getter
type metadata accessor for URLQueryItem
nominal type descriptor for URLQueryItem
URLComponents.queryItems.getter
URLComponents.queryItems.setter
URLComponents.percentEncodedQuery.getter
URLComponents.init(url:resolvingAgainstBaseURL:)
URLComponents.url.getter
URLComponents.host.getter
URLComponents.path.setter
URLComponents.query.setter
URLComponents.init(string:)
URLComponents.init()
type metadata accessor for URLComponents
nominal type descriptor for URLComponents
__DataStorage.init(bytes:length:copy:deallocator:offset:)
__DataStorage.init(bytes:length:)
__DataStorage._bytes.getter
__DataStorage.init(length:)
__DataStorage._length.getter
__DataStorage._offset.getter
__DataStorage.init(capacity:)
type metadata accessor for __DataStorage
protocol descriptor for LocalizedError
method descriptor for LocalizedError.helpAnchor.getter
method descriptor for LocalizedError.failureReason.getter
dispatch thunk of LocalizedError.errorDescription.getter
method descriptor for LocalizedError.errorDescription.getter
method descriptor for LocalizedError.recoverySuggestion.getter
LocalizedError.helpAnchor.getter
LocalizedError.failureReason.getter
LocalizedError.errorDescription.getter
LocalizedError.recoverySuggestion.getter
base conformance descriptor for LocalizedError: Error
protocol descriptor for ContiguousBytes
dispatch thunk of ContiguousBytes.withUnsafeBytes<A>(_:)
URLResourceValues.isRegularFile.getter
URLResourceValues.isSymbolicLink.getter
URLResourceValues.fileSize.getter
URLResourceValues.isHidden.getter
type metadata accessor for URLResourceValues
nominal type descriptor for URLResourceValues
_AsyncBytesBuffer.reloadBufferAndNext()
async function pointer to _AsyncBytesBuffer.reloadBufferAndNext()
_BridgedStoredNSError.code.getter
_convertErrorToNSError(_:)
_convertNSErrorToError(_:)
NSFastEnumerationIterator.next()
type metadata accessor for NSFastEnumerationIterator
URL.standardizedFileURL.getter
URL.isFileURL.getter
URL.absoluteURL.getter
URL.standardized.getter
enum case for URL.DirectoryHint.isDirectory(_:)
enum case for URL.DirectoryHint.inferFromPath(_:)
type metadata accessor for URL.DirectoryHint
URL.pathExtension.getter
URL.absoluteString.getter
URL.pathComponents.getter
URL.relativeString.getter
URL.resourceValues(forKeys:)
static URL.cachesDirectory.getter
URL.init(fileURLWithPath:isDirectory:)
URL.init(fileURLWithPath:)
URL.hasDirectoryPath.getter
URL.lastPathComponent.getter
URL._bridgeToObjectiveC()
URL.deletingPathExtension()
URL.appendingPathComponent(_:)
URL.appendingPathExtension(_:)
URL.resolvingSymlinksInPath()
URL.deletingLastPathComponent()
static URL.== infix(_:_:)
static URL._unconditionallyBridgeFromObjectiveC(_:)
URL.host.getter
URL.path(percentEncoded:)
URL.path.getter
URL.query.getter
URL.scheme.getter
URL.init(string:relativeTo:)
URL.init(string:)
URL.appending<A>(path:directoryHint:)
URL.appending<A>(component:directoryHint:)
type metadata accessor for URL
nominal type descriptor for URL
protocol conformance descriptor for URL
protocol conformance descriptor for URL
protocol conformance descriptor for URL
protocol conformance descriptor for URL
protocol conformance descriptor for URL
Data.LargeSlice.ensureUniqueReference()
Data.init(contentsOf:options:)
Data._copyContents(initializing:)
Data.init(base64Encoded:options:)
type metadata accessor for Data.RangeReference
Data._Representation.replaceSubrange(_:with:count:)
Data._Representation.append(contentsOf:)
type metadata for Data._Representation
Data._bridgeToObjectiveC()
Data.base64EncodedString(options:)
static Data._unconditionallyBridgeFromObjectiveC(_:)
Data.hash(into:)
Data.write(to:options:)
Data.append(_:)
Data.subdata(in:)
type metadata accessor for Data.Iterator
protocol conformance descriptor for Data
nominal type descriptor for Data
type metadata for Data
static Date.distantFuture.getter
Date.timeIntervalSince(_:)
Date.addingTimeInterval(_:)
Date._bridgeToObjectiveC()
static Date.< infix(_:_:)
Date.init(timeIntervalSince1970:)
Date.timeIntervalSince1970.getter
static Date.== infix(_:_:)
static Date._unconditionallyBridgeFromObjectiveC(_:)
Date.init()
type metadata accessor for Date
nominal type descriptor for Date
protocol conformance descriptor for Date
protocol conformance descriptor for Date
protocol conformance descriptor for Date
protocol conformance descriptor for Date
protocol conformance descriptor for Date
UUID.uuidString.getter
UUID.init()
type metadata accessor for UUID
Locale.init(identifier:)
Locale._bridgeToObjectiveC()
static Locale.current.getter
type metadata accessor for Locale
nominal type descriptor for Locale
static URLError.Code.resourceUnavailable.getter
static URLError.Code.networkConnectionLost.getter
static URLError.Code.notConnectedToInternet.getter
type metadata accessor for URLError.Code
protocol conformance descriptor for URLError.Code
protocol conformance descriptor for URLError
type metadata accessor for URLError
nominal type descriptor for URLError
protocol conformance descriptor for URLError
nominal type descriptor for ObjCBool
AIModelAsset.init(contentsOf:)
AIModelAsset.FunctionDescriptor.name.getter
type metadata accessor for AIModelAsset.FunctionDescriptor
AIModelAsset.Summary.functions.getter
type metadata accessor for AIModelAsset.Summary
nominal type descriptor for AIModelAsset.Summary
AIModelAsset.summary(includingStatistics:)
type metadata accessor for AIModelAsset
ObservationRegistrar.withMutation<A, B, C>(of:keyPath:_:)
ObservationRegistrar.access<A, B>(_:keyPath:)
ObservationRegistrar.didSet<A, B>(_:keyPath:)
ObservationRegistrar.willSet<A, B>(_:keyPath:)
ObservationRegistrar.init()
type metadata accessor for ObservationRegistrar
nominal type descriptor for ObservationRegistrar
protocol descriptor for Observable
associated type descriptor for Collection.SubSequence
nominal type descriptor for CGFloat
static RegexComponentBuilder.buildExpression<A>(_:)
static RegexComponentBuilder.buildPartialBlock<A>(first:)
nominal type descriptor for Optionally
Optionally.init(_:)
protocol conformance descriptor for Optionally<A>
nominal type descriptor for ZeroOrMore
ZeroOrMore.init(_:)
protocol conformance descriptor for ZeroOrMore<A>
makeFactory()
protocol conformance descriptor for CharacterClass
CharacterClass.inverted.getter
type metadata accessor for CharacterClass
nominal type descriptor for Capture
Capture.init(_:)
protocol conformance descriptor for Capture<A>
nominal type descriptor for OneOrMore
OneOrMore.init(_:)
protocol conformance descriptor for OneOrMore<A>
associated type descriptor for AsyncSequence.AsyncIterator
associated type descriptor for LanguageModelExecutor.Configuration
ComputeStream.init(commandQueue:)
ComputeStream.currentWorkCompleted()
async function pointer to ComputeStream.currentWorkCompleted()
type metadata accessor for ComputeStream
nominal type descriptor for ComputeStream
enum case for InferenceValue.Descriptor.ndArray(_:)
type metadata accessor for InferenceValue.Descriptor
nominal type descriptor for InferenceValue.Descriptor
InferenceValue.ndArray.getter
type metadata accessor for InferenceValue
nominal type descriptor for InferenceValue
InferenceFunction.AsyncValue.init(unsafeBuffer:byteOffset:scalarType:shape:strides:interleaveLayout:)
type metadata accessor for InferenceFunction.AsyncValue
nominal type descriptor for InferenceFunction.AsyncValue
InferenceFunction.descriptor.getter
InferenceFunction.MutableViews.insert(_:for:)
InferenceFunction.MutableViews.insert<A>(_:for:)
InferenceFunction.MutableViews.init()
type metadata accessor for InferenceFunction.MutableViews
InferenceFunction.AsyncMutableValue.init(unsafeBuffer:byteOffset:scalarType:shape:strides:interleaveLayout:)
type metadata accessor for InferenceFunction.AsyncMutableValue
InferenceFunction.AsyncMutableViews.insert(_:for:)
InferenceFunction.AsyncMutableViews.init()
type metadata accessor for InferenceFunction.AsyncMutableViews
InferenceFunction.run(inputs:states:outputViews:)
async function pointer to InferenceFunction.run(inputs:states:outputViews:)
InferenceFunction.encode(inputs:states:outputViews:to:)
InferenceFunction.Outputs.remove(_:)
type metadata accessor for InferenceFunction.Outputs
type metadata accessor for InferenceFunction
nominal type descriptor for InferenceFunction
NDArrayDescriptor.scalarType.getter
NDArrayDescriptor.minimumByteCount.getter
NDArrayDescriptor.preferredStrides.getter
NDArrayDescriptor.resolvingDynamicDimensions(_:)
NDArrayDescriptor.shape.getter
type metadata accessor for NDArrayDescriptor
nominal type descriptor for NDArrayDescriptor
InferenceFunctionDescriptor.inputDescriptor(of:)
InferenceFunctionDescriptor.stateDescriptor(of:)
InferenceFunctionDescriptor.outputDescriptor(of:)
InferenceFunctionDescriptor.inputNames.getter
InferenceFunctionDescriptor.stateNames.getter
InferenceFunctionDescriptor.outputNames.getter
type metadata accessor for InferenceFunctionDescriptor
nominal type descriptor for InferenceFunctionDescriptor
AIModel.init(contentsOf:options:)
async function pointer to AIModel.init(contentsOf:options:)
AIModel.loadFunction(named:)
AIModel.functionNames.getter
AIModel.functionDescriptor(for:)
type metadata accessor for AIModel
nominal type descriptor for AIModel
enum case for NDArray.ScalarType.float8e5m2(_:)
enum case for NDArray.ScalarType.float4e2m1fn(_:)
enum case for NDArray.ScalarType.float8e4m3fn(_:)
enum case for NDArray.ScalarType.float8e8m0fn(_:)
static NDArray.ScalarType.== infix(_:_:)
enum case for NDArray.ScalarType.bool(_:)
enum case for NDArray.ScalarType.int2(_:)
enum case for NDArray.ScalarType.int3(_:)
enum case for NDArray.ScalarType.int4(_:)
enum case for NDArray.ScalarType.int5(_:)
enum case for NDArray.ScalarType.int6(_:)
enum case for NDArray.ScalarType.int7(_:)
enum case for NDArray.ScalarType.int8(_:)
enum case for NDArray.ScalarType.int16(_:)
enum case for NDArray.ScalarType.int32(_:)
enum case for NDArray.ScalarType.int64(_:)
enum case for NDArray.ScalarType.uint1(_:)
enum case for NDArray.ScalarType.uint2(_:)
enum case for NDArray.ScalarType.uint3(_:)
enum case for NDArray.ScalarType.uint4(_:)
enum case for NDArray.ScalarType.uint5(_:)
enum case for NDArray.ScalarType.uint6(_:)
enum case for NDArray.ScalarType.uint7(_:)
enum case for NDArray.ScalarType.uint8(_:)
enum case for NDArray.ScalarType.int128(_:)
enum case for NDArray.ScalarType.uint16(_:)
enum case for NDArray.ScalarType.uint32(_:)
enum case for NDArray.ScalarType.uint64(_:)
enum case for NDArray.ScalarType.float16(_:)
enum case for NDArray.ScalarType.float32(_:)
enum case for NDArray.ScalarType.float64(_:)
enum case for NDArray.ScalarType.uint128(_:)
enum case for NDArray.ScalarType.bfloat16(_:)
enum case for NDArray.ScalarType.cfloat16(_:)
enum case for NDArray.ScalarType.cfloat32(_:)
enum case for NDArray.ScalarType.cfloat64(_:)
type metadata accessor for NDArray.ScalarType
nominal type descriptor for NDArray.ScalarType
NDArray.init(descriptor:)
NDArray.scalarType.getter
NDArray.MutableView._copyElements<A>(fromContentsOf:)
NDArray.MutableView._view.getter
NDArray.MutableView.shape.getter
NDArray.MutableView._start()
NDArray.MutableView.strides.getter
type metadata accessor for NDArray.MutableView
nominal type descriptor for NDArray.MutableView
NDArray.UnownedView.contiguousElements()
NDArray.UnownedView.slice(at:)
type metadata accessor for NDArray.UnownedView
NDArray.mutableView<A>(as:)
NDArray.MutableRawView.init(unownedView:)
NDArray.MutableRawView._view.getter
type metadata accessor for NDArray.MutableRawView
NDArray.mutableRawView()
protocol descriptor for NDArray.RangeExpression
type metadata accessor for NDArray.InterleaveLayout
nominal type descriptor for NDArray.InterleaveLayout
NDArray.View.withUnsafePointer<A, B>(_:)
NDArray.View.contiguousElements.getter
type metadata accessor for NDArray.View
nominal type descriptor for NDArray.View
NDArray.view<A>(as:)
NDArray.shape.getter
protocol witness table for NDArray
type metadata accessor for NDArray
nominal type descriptor for NDArray
enum case for ComputeUnitKind.neuralEngine(_:)
enum case for ComputeUnitKind.gpu(_:)
type metadata accessor for ComputeUnitKind
SpecializationOptions.expectFrequentReshapes.setter
SpecializationOptions.init(preferredComputeUnitKind:)
type metadata accessor for SpecializationOptions
dispatch thunk of static AtomicRepresentable.decodeAtomicRepresentation(_:)
protocol requirements base descriptor for AtomicRepresentable
nominal type descriptor for Mutex
nominal type descriptor for Atomic
associated type descriptor for _ObjectiveCBridgeable._ObjectiveCType
associated type descriptor for ExpressibleByFloatLiteral.FloatLiteralType
Transcript.ToolOutput.id.getter
Transcript.ToolOutput.segments.getter
Transcript.ToolOutput.toolName.getter
type metadata accessor for Transcript.ToolOutput
Transcript.TextSegment.content.getter
type metadata accessor for Transcript.TextSegment
Transcript.Instructions.segments.getter
type metadata accessor for Transcript.Instructions
Transcript.ToolDefinition.parameters.getter
Transcript.ToolDefinition.description.getter
Transcript.ToolDefinition.name.getter
type metadata accessor for Transcript.ToolDefinition
enum case for Transcript.Entry.toolOutput(_:)
enum case for Transcript.Entry.instructions(_:)
enum case for Transcript.Entry.prompt(_:)
enum case for Transcript.Entry.response(_:)
enum case for Transcript.Entry.toolCalls(_:)
type metadata accessor for Transcript.Entry
Transcript.Prompt.segments.getter
type metadata accessor for Transcript.Prompt
enum case for Transcript.Segment.text(_:)
type metadata accessor for Transcript.Segment
Transcript.Response.segments.getter
type metadata accessor for Transcript.Response
Transcript.ToolCall.id.getter
Transcript.ToolCall.toolName.getter
Transcript.ToolCall.arguments.getter
type metadata accessor for Transcript.ToolCall
type metadata accessor for Transcript.ToolCalls
protocol conformance descriptor for Transcript.ToolCalls
type metadata accessor for Transcript
protocol conformance descriptor for Transcript
protocol descriptor for LanguageModel
method descriptor for LanguageModel.capabilities.getter
method descriptor for LanguageModel.executorConfiguration.getter
associated conformance descriptor for LanguageModel.LanguageModel.Executor: LanguageModelExecutor
GeneratedContent.jsonString.getter
type metadata accessor for GeneratedContent
type metadata accessor for GenerationSchema
nominal type descriptor for GenerationSchema
protocol conformance descriptor for GenerationSchema
GenerationOptions.temperature.getter
type metadata accessor for GenerationOptions.SamplingMode
nominal type descriptor for GenerationOptions.SamplingMode
GenerationOptions.init(samplingMode:temperature:maximumResponseTokens:)
GenerationOptions.maximumResponseTokens.getter
type metadata accessor for GenerationOptions
LanguageModelError.UnsupportedCapability.init(capability:debugDescription:metadata:)
enum case for LanguageModelError.unsupportedCapability(_:)
LanguageModelError.UnsupportedTranscriptContent.init(unsupportedContent:debugDescription:metadata:)
enum case for LanguageModelError.unsupportedTranscriptContent(_:)
type metadata accessor for LanguageModelError
protocol conformance descriptor for LanguageModelError
LanguageModelSession.ResponseStream.AsyncIterator.next(isolation:)
async function pointer to LanguageModelSession.ResponseStream.AsyncIterator.next(isolation:)
nominal type descriptor for LanguageModelSession.ResponseStream.AsyncIterator
LanguageModelSession.ResponseStream.makeAsyncIterator()
LanguageModelSession.ResponseStream.Snapshot.usage.getter
LanguageModelSession.ResponseStream.Snapshot.content.getter
nominal type descriptor for LanguageModelSession.ResponseStream.Snapshot
nominal type descriptor for LanguageModelSession.ResponseStream
LanguageModelSession.streamResponse(to:options:)
LanguageModelSession.Usage.Input.totalTokenCount.getter
LanguageModelSession.Usage.Input.cachedTokenCount.getter
type metadata accessor for LanguageModelSession.Usage.Input
LanguageModelSession.Usage.input.getter
LanguageModelSession.Usage.Output.totalTokenCount.getter
LanguageModelSession.Usage.Output.reasoningTokenCount.getter
type metadata accessor for LanguageModelSession.Usage.Output
LanguageModelSession.Usage.output.getter
type metadata accessor for LanguageModelSession.Usage
LanguageModelSession.__allocating_init<A>(model:tools:instructions:)
type metadata accessor for LanguageModelSession
nominal type descriptor for LanguageModelSession
protocol descriptor for LanguageModelExecutor
associated conformance descriptor for LanguageModelExecutor.LanguageModelExecutor.Model: LanguageModel
associated conformance descriptor for LanguageModelExecutor.LanguageModelExecutor.Configuration: Hashable
method descriptor for LanguageModelExecutor.init(configuration:)
method descriptor for LanguageModelExecutor.prewarm(model:transcript:)
method descriptor for LanguageModelExecutor.respond(to:model:streamingInto:)
static LanguageModelCapabilities.Capability.toolCalling.getter
static LanguageModelCapabilities.Capability.guidedGeneration.getter
static LanguageModelCapabilities.Capability.reasoning.getter
type metadata accessor for LanguageModelCapabilities.Capability
nominal type descriptor for LanguageModelCapabilities.Capability
LanguageModelCapabilities.contains(_:)
type metadata accessor for LanguageModelCapabilities
LanguageModelCapabilities.init(_:)
protocol descriptor for ConvertibleToGeneratedContent
LanguageModelExecutorGenerationChannel.send(_:)
async function pointer to LanguageModelExecutorGenerationChannel.send(_:)
static LanguageModelExecutorGenerationChannel.Event.response(entryID:action:)
static LanguageModelExecutorGenerationChannel.Event.reasoning(entryID:action:)
static LanguageModelExecutorGenerationChannel.Event.toolCalls(entryID:action:)
type metadata accessor for LanguageModelExecutorGenerationChannel.Event
LanguageModelExecutorGenerationChannel.Usage.Input.init(totalTokenCount:cachedTokenCount:)
LanguageModelExecutorGenerationChannel.Usage.Input.cachedTokenCount.getter
type metadata accessor for LanguageModelExecutorGenerationChannel.Usage.Input
LanguageModelExecutorGenerationChannel.Usage.Output.init(totalTokenCount:reasoningTokenCount:)
type metadata accessor for LanguageModelExecutorGenerationChannel.Usage.Output
static LanguageModelExecutorGenerationChannel.Response.Action.appendText(_:segmentID:tokenCount:)
static LanguageModelExecutorGenerationChannel.Response.Action.updateUsage(input:output:metadata:)
type metadata accessor for LanguageModelExecutorGenerationChannel.Response.Action
static LanguageModelExecutorGenerationChannel.Reasoning.Action.appendText(_:segmentID:tokenCount:)
type metadata accessor for LanguageModelExecutorGenerationChannel.Reasoning.Action
static LanguageModelExecutorGenerationChannel.ToolCalls.ToolCall.Action.appendArguments(_:tokenCount:)
type metadata accessor for LanguageModelExecutorGenerationChannel.ToolCalls.ToolCall.Action
static LanguageModelExecutorGenerationChannel.ToolCalls.Action.toolCall(id:name:action:)
type metadata accessor for LanguageModelExecutorGenerationChannel.ToolCalls.Action
LanguageModelExecutorGenerationRequest.transcript.getter
LanguageModelExecutorGenerationRequest.generationOptions.getter
LanguageModelExecutorGenerationRequest.enabledToolDefinitions.getter
LanguageModelExecutorGenerationRequest.schema.getter
associated type descriptor for ExpressibleByStringLiteral.StringLiteralType
associated type descriptor for StringInterpolationProtocol.StringLiteralType
_RegexFactory.accumulate<A, B, C>(_:_:)
_RegexFactory.zeroOrMore<A, B>(_:_:)
_RegexFactory.ignoreCapturesInTypedOutput<A>(_:)
_RegexFactory.capture<A, B>(_:)
_RegexFactory.oneOrMore<A, B>(_:_:)
_RegexFactory.zeroOrOne<A, B>(_:_:)
type metadata accessor for _RegexFactory
static RegexComponent<>.any.getter
static RegexComponent<>.anyOf<A>(_:)
dispatch thunk of RegexComponent.regex.getter
static RegexRepetitionBehavior.reluctant.getter
type metadata accessor for RegexRepetitionBehavior
nominal type descriptor for RegexRepetitionBehavior
Regex.init(_regexString:version:)
Regex.init<A>(_:)
Regex.wholeMatch(in:)
Regex.ignoresCase(_:)
Regex.Match.subscript.getter
Regex.Match.output.getter
nominal type descriptor for Regex.Match
nominal type descriptor for Regex
protocol conformance descriptor for Regex<A>
associated type descriptor for ExpressibleByBooleanLiteral.BooleanLiteralType
associated type descriptor for ExpressibleByIntegerLiteral.IntegerLiteralType
associated type descriptor for ExpressibleByArrayLiteral.ArrayLiteralElement
associated type descriptor for ExpressibleByStringInterpolation.StringInterpolation
associated type descriptor for AtomicRepresentable.AtomicRepresentation
UTType.init(filenameExtension:conformingTo:)
UTType.preferredMIMEType.getter
static UTType.data.getter
type metadata accessor for UTType
nominal type descriptor for UTType
associated type descriptor for ExpressibleByUnicodeScalarLiteral.UnicodeScalarLiteralType
associated type descriptor for Identifiable.ID
os_signpost(_:dso:log:name:signpostID:_:_:)
os_signpost(_:dso:log:name:signpostID:)
OSSignpostID.init(log:)
static OSSignpostID.exclusive.getter
type metadata accessor for OSSignpostID
nominal type descriptor for OSSignpostID
nominal type descriptor for OSAllocatedUnfairLock
Logger.logObject.getter
Logger.init()
type metadata accessor for Logger
associated type descriptor for ExpressibleByExtendedGraphemeClusterLiteral.ExtendedGraphemeClusterLiteralType
associated type descriptor for ExpressibleByDictionaryLiteral.Key
associated type descriptor for App.Body
associated type descriptor for Collection.Index
associated type descriptor for LanguageModelExecutor.Model
associated type descriptor for ExpressibleByDictionaryLiteral.Value
MLShapedArray.shape.getter
nominal type descriptor for MLShapedArray
protocol conformance descriptor for MLShapedArray<A>
MLShapedArrayProtocol.scalars.modify
MLShapedArrayProtocol.scalars.getter
protocol descriptor for MLTensorRangeExpression
MLTensor.scalarType.getter
MLTensor.shapedArray<A>(of:)
async function pointer to MLTensor.shapedArray<A>(of:)
MLTensor.init(floatLiteral:)
MLTensor.init<A>(concatenating:alongAxis:)
MLTensor.cumulativeSum(alongAxis:)
MLTensor.init<A>(randomUniform:in:seed:scalarType:)
MLTensor.expandingShape(at:)
static MLTensor./ infix<A>(_:_:)
static MLTensor.* infix(_:_:)
static MLTensor.* infix<A>(_:_:)
static MLTensor.+ infix(_:_:)
static MLTensor.- infix(_:_:)
static MLTensor..& infix(_:_:)
static MLTensor..> infix<A>(_:_:)
static MLTensor..< infix(_:_:)
MLTensor.max(alongAxes:keepRank:)
static MLTensor..>= infix<A>(_:_:)
static MLTensor..!= infix(_:_:)
MLTensor.cast<A>(to:)
MLTensor.rank.getter
MLTensor.topK(_:)
MLTensor.init<A, B>(shape:scalars:scalarType:)
MLTensor.shape.getter
MLTensor.tiled(multiples:)
MLTensor.init<A>(zeros:scalarType:)
MLTensor.argmax(alongAxis:keepRank:)
MLTensor.argmin(alongAxis:keepRank:)
MLTensor.argsort(alongAxis:descendingOrder:)
MLTensor.softmax(alongAxis:)
MLTensor.reshaped(to:)
MLTensor.gathering(atIndices:alongAxis:)
MLTensor.init<A>(repeating:shape:scalarType:)
MLTensor.replacing(with:where:)
MLTensor.replacing<A>(atIndices:with:alongAxis:)
type metadata accessor for MLTensor
nominal type descriptor for MLTensor
MLTensor.init<A, B>(_:scalarType:)
MLTensor.init<A>(_:)
MLTensor.subscript.getter
open(_:_:_:)
errno.getter
S_IRGRP.getter
S_IROTH.getter
S_IRUSR.getter
S_IWUSR.getter
associated type descriptor for Strideable.Stride
associated type descriptor for Sequence.Element
associated type descriptor for AsyncIteratorProtocol.Element
associated type descriptor for AsyncSequence.Element
associated type descriptor for IteratorProtocol.Element
associated type descriptor for SetAlgebra.Element
associated type descriptor for AsyncIteratorProtocol.Failure
associated type descriptor for AsyncSequence.Failure
associated type descriptor for Collection.Indices
NWPathMonitor.pathUpdateHandler.setter
NWPathMonitor.start(queue:)
NWPathMonitor.cancel()
NWPathMonitor.init()
type metadata accessor for NWPathMonitor
nominal type descriptor for NWPathMonitor
NWPath.isExpensive.getter
NWPath.isConstrained.getter
static NWPath.Status.== infix(_:_:)
enum case for NWPath.Status.satisfied(_:)
type metadata accessor for NWPath.Status
NWPath.status.getter
type metadata accessor for NWPath
nominal type descriptor for NWPath
WindowGroup.init(id:title:lazyContent:)
nominal type descriptor for WindowGroup
protocol conformance descriptor for WindowGroup<A>
ProgressView<>.init<>()
nominal type descriptor for ProgressView
static SceneBuilder.buildBlock<A>(_:)
nominal type descriptor for TupleContent
protocol conformance descriptor for _TaskModifier
type metadata accessor for _TaskModifier
nominal type descriptor for _VStackLayout
nominal type descriptor for _VariadicView.Tree
_TaskModifier2.init(name:executorPreference:priority:action:)
protocol conformance descriptor for _TaskModifier2
type metadata accessor for _TaskModifier2
nominal type descriptor for _TaskModifier2
type metadata accessor for ModifiedContent
nominal type descriptor for ModifiedContent
protocol conformance descriptor for <> ModifiedContent<A, B>
LocalizedStringKey.init(stringLiteral:)
static HorizontalAlignment.center.getter
static HierarchicalShapeStyle.secondary.getter
protocol witness table for HierarchicalShapeStyle
type metadata for HierarchicalShapeStyle
protocol descriptor for App
associated conformance descriptor for App.App.Body: Scene
method descriptor for App.body.getter
static App.main()
method descriptor for App.init()
Font.monospaced()
static Font.footnote.getter
Text.foregroundStyle<A>(_:)
Text.font(_:)
nominal type descriptor for Text
Text.init(_:tableName:bundle:comment:)
Text.init<A>(_:)
protocol descriptor for View
protocol descriptor for Scene
nominal type descriptor for VStack
protocol conformance descriptor for VStack<A>
nominal type descriptor for EmptyView
LazyState.init(wrappedValue:)
LazyState.wrappedValue.getter
LazyState.wrappedValue.setter
nominal type descriptor for LazyState.Storage
type metadata accessor for LazyState
nominal type descriptor for LazyState
associated type descriptor for CaseIterable.AllCases
type metadata accessor for DispatchWorkItemFlags
nominal type descriptor for DispatchWorkItemFlags
protocol conformance descriptor for DispatchWorkItemFlags
enum case for DispatchQoS.QoSClass.default(_:)
type metadata accessor for DispatchQoS.QoSClass
static DispatchQoS.unspecified.getter
type metadata accessor for DispatchQoS
DispatchData.init(bytes:)
DispatchData.count.getter
DispatchData.copyBytes(to:count:)
type metadata accessor for DispatchData
nominal type descriptor for DispatchData
DispatchTime.uptimeNanoseconds.getter
static DispatchTime.now()
type metadata accessor for DispatchTime
associated type descriptor for LanguageModel.Executor
associated type descriptor for Sequence.Iterator
associated type descriptor for RawRepresentable.RawValue
dispatch thunk of HashFunction.update(bufferPointer:)
dispatch thunk of HashFunction.finalize()
dispatch thunk of HashFunction.init()
protocol conformance descriptor for SHA256Digest
type metadata accessor for SHA256Digest
protocol conformance descriptor for SHA256Digest
SHA256.finalize()
protocol conformance descriptor for SHA256
SHA256.init()
type metadata accessor for SHA256
value witness table for Builtin.UnknownObject
value witness table for Builtin.BridgeObject
value witness table for Builtin.Int128
value witness table for Builtin.Int16
value witness table for Builtin.Int32
value witness table for Builtin.Int64
value witness table for Builtin.Int8
value witness table for Builtin.NativeObject
value witness table for Builtin.RawPointer
Array.init()
CancellationError.init()
Set.init()
BinaryFloatingPoint.init<A>(_:)
static BinaryFloatingPoint<>.random<A>(in:using:)
Dictionary._bridgeToObjectiveC()
static Dictionary._unconditionallyBridgeFromObjectiveC(_:)
Dictionary.description.getter
Dictionary.init(minimumCapacity:)
Dictionary.init<A>(uniqueKeysWithValues:)
type metadata accessor for Dictionary.Keys
nominal type descriptor for Dictionary.Keys
protocol conformance descriptor for [A : B].Keys
nominal type descriptor for Dictionary.Index
protocol conformance descriptor for [A : B].Index
nominal type descriptor for Dictionary.Iterator
protocol conformance descriptor for [A : B].Iterator
Dictionary._Variant.isUniquelyReferenced()
type metadata accessor for Dictionary._Variant
type metadata accessor for Dictionary
Dictionary<>.encode(to:)
Dictionary<>.init(from:)
Dictionary.subscript.getter
protocol conformance descriptor for <> [A : B]
protocol conformance descriptor for [A : B]
protocol conformance descriptor for <> [A : B]
protocol conformance descriptor for [A : B]
method descriptor for Encodable.encode(to:)
protocol descriptor for Encodable
dispatch thunk of Hashable._rawHashValue(seed:)
method descriptor for Hashable._rawHashValue(seed:)
dispatch thunk of Hashable.hash(into:)
method descriptor for Hashable.hash(into:)
method descriptor for Hashable.hashValue.getter
protocol descriptor for Hashable
base conformance descriptor for Hashable: Equatable
type metadata accessor for DefaultIndices
protocol conformance descriptor for <> DefaultIndices<A>
protocol conformance descriptor for DefaultIndices<A>
protocol conformance descriptor for <> DefaultIndices<A>
protocol conformance descriptor for DefaultIndices<A>
Character.lowercased()
Character.isWhitespace.getter
Character._isLowercased.getter
Character._isUppercased.getter
Character.hexDigitValue.getter
Character.isPunctuation.getter
Character.wholeNumberValue.getter
Character.write<A>(to:)
Character.isLetter.getter
Character.isNumber.getter
protocol witness table for Character
associated conformance descriptor for BidirectionalCollection.Collection.SubSequence: BidirectionalCollection
BidirectionalCollection<>.starts<A>(with:)
BidirectionalCollection<>.contains<A>(_:)
method descriptor for BidirectionalCollection.index(before:)
method descriptor for BidirectionalCollection.index(_:offsetBy:limitedBy:)
method descriptor for BidirectionalCollection.index(_:offsetBy:)
associated conformance descriptor for BidirectionalCollection.Collection.Indices: BidirectionalCollection
method descriptor for BidirectionalCollection.distance(from:to:)
dispatch thunk of BidirectionalCollection.formIndex(before:)
method descriptor for BidirectionalCollection.formIndex(before:)
protocol descriptor for BidirectionalCollection
base conformance descriptor for BidirectionalCollection: Collection
BidirectionalCollection.last.getter
BidirectionalCollection<>.joined(separator:)
dispatch thunk of static Comparable.> infix(_:_:)
method descriptor for static Comparable.> infix(_:_:)
dispatch thunk of static Comparable.< infix(_:_:)
method descriptor for static Comparable.< infix(_:_:)
dispatch thunk of static Comparable.>= infix(_:_:)
method descriptor for static Comparable.>= infix(_:_:)
dispatch thunk of static Comparable.<= infix(_:_:)
method descriptor for static Comparable.<= infix(_:_:)
protocol descriptor for Comparable
base conformance descriptor for Comparable: Equatable
static Comparable.> infix(_:_:)
static Comparable.>= infix(_:_:)
static Comparable.<= infix(_:_:)
associated conformance descriptor for MutableCollection.Collection.SubSequence: MutableCollection
method descriptor for MutableCollection.withContiguousMutableStorageIfAvailable<A>(_:)
method descriptor for MutableCollection._withUnsafeMutableBufferPointerIfSupported<A>(_:)
dispatch thunk of MutableCollection.swapAt(_:_:)
method descriptor for MutableCollection.swapAt(_:_:)
method descriptor for MutableCollection.partition(by:)
protocol descriptor for MutableCollection
base conformance descriptor for MutableCollection: Collection
MutableCollection.withContiguousMutableStorageIfAvailable<A>(_:)
MutableCollection._withUnsafeMutableBufferPointerIfSupported<A>(_:)
MutableCollection.swapAt(_:_:)
MutableCollection.subscript.getter
MutableCollection<>.reverse()
MutableCollection<>.partition(by:)
MutableCollection<>.sort()
MutableCollection<>.sort(by:)
MutableCollection<>.shuffle<A>(using:)
method descriptor for MutableCollection.subscript.modify
method descriptor for MutableCollection.subscript.setter
method descriptor for MutableCollection.subscript.modify
method descriptor for MutableCollection.subscript.setter
type metadata accessor for ClosedRange
type metadata for ObjectIdentifier
type metadata accessor for UnsafePointer
nominal type descriptor for UnsafePointer
dispatch thunk of static Equatable.== infix(_:_:)
method descriptor for static Equatable.== infix(_:_:)
protocol descriptor for Equatable
UnsafeBufferPointer._copyContents(initializing:)
UnsafeBufferPointer.init(start:count:)
type metadata accessor for UnsafeBufferPointer.Iterator
type metadata accessor for UnsafeBufferPointer
UnsafeBufferPointer.init(_:)
UnsafeBufferPointer.subscript.getter
protocol conformance descriptor for UnsafeBufferPointer<A>
protocol conformance descriptor for UnsafeBufferPointer<A>
String.init(contentsOf:encoding:)
String.init(contentsOfFile:encoding:)
String.init(utf16CodeUnits:count:)
String.LocalizationValue.init(stringLiteral:)
String.LocalizationValue.StringInterpolation.appendInterpolation<A>(_:specifier:)
String.LocalizationValue.StringInterpolation.appendInterpolation(_:)
String.LocalizationValue.StringInterpolation.appendLiteral(_:)
String.LocalizationValue.StringInterpolation.init(literalCapacity:interpolationCount:)
type metadata accessor for String.LocalizationValue.StringInterpolation
String.LocalizationValue.init(stringInterpolation:)
type metadata accessor for String.LocalizationValue
String._bridgeToObjectiveC()
static String._forceBridgeFromObjectiveC(_:result:)
static String._conditionallyBridgeFromObjectiveC(_:result:)
static String._unconditionallyBridgeFromObjectiveC(_:)
String.data(using:allowLossyConversion:)
String.init(data:encoding:)
String.init(format:_:)
static String.Encoding.utf8.getter
type metadata accessor for String.Encoding
String.init(localized:table:bundle:locale:comment:)
String.init(_:)
String.init<A>(describing:)
String.lowercased()
String.init<A>(reflecting:)
String.uppercased()
String.utf8CString.getter
static String._fromSubstring(_:)
String.removeSubrange(_:)
String.replaceSubrange<A>(_:with:)
String.reserveCapacity(_:)
String.UnicodeScalarView._foreignIndex(after:)
String.UnicodeScalarView._foreignIndex(before:)
String.UnicodeScalarView.append<A>(contentsOf:)
String.UnicodeScalarView.append(_:)
type metadata for String.UnicodeScalarView
protocol witness table for String.UnicodeScalarView
String.UnicodeScalarView.subscript.getter
protocol conformance descriptor for String
static String._fromUTF8Repairing(_:)
static String._uncheckedFromUTF8(_:)
String.init(unsafeUninitializedCapacity:initializingUTF8With:)
String.hash(into:)
nominal type descriptor for String.Index
String.count.getter
String.index(after:)
String.index(before:)
String.index(_:offsetBy:limitedBy:)
String.index(_:offsetBy:)
String.append<A>(contentsOf:)
String.append(_:)
String.append(_:)
String.insert(_:at:)
String.remove(at:)
String.init(cString:)
String.init(cString:)
String.Iterator.next()
nominal type descriptor for String.Iterator
String.UTF8View._foreignCount()
String.UTF8View._foreignIndex(after:)
String.UTF8View._foreignIndex(_:offsetBy:)
String.UTF8View._foreignDistance(from:to:)
String.UTF8View._foreignSubscript(position:)
type metadata for String.UTF8View
String.distance(from:to:)
String.UTF16View._foreignCount()
String.UTF16View._nativeGetOffset(for:)
String.UTF16View.count.getter
String.UTF16View.index(_:offsetBy:)
String.UTF16View.Iterator.next()
static String._validate<A>(_:as:)
String.hasPrefix(_:)
String.hasSuffix(_:)
String.hashValue.getter
String.init(repeating:count:)
String.init(repeating:count:)
nominal type descriptor for String
type metadata for String
protocol witness table for String
protocol witness table for String
protocol conformance descriptor for String
protocol witness table for String
protocol witness table for String
protocol conformance descriptor for String
protocol conformance descriptor for String
protocol conformance descriptor for String
String.init<A>(_:radix:uppercase:)
protocol witness table for String
protocol witness table for String
protocol witness table for String
protocol witness table for String
protocol witness table for String
protocol witness table for String
protocol conformance descriptor for String
String.subscript.getter
String.init(_:)
String.init<A>(_:)
String.init<A>(_:)
String.subscript.getter
dispatch thunk of Sequence.makeIterator()
method descriptor for Sequence.makeIterator()
dispatch thunk of Sequence._copyContents(initializing:)
method descriptor for Sequence._copyContents(initializing:)
dispatch thunk of Sequence.underestimatedCount.getter
method descriptor for Sequence.underestimatedCount.getter
dispatch thunk of Sequence._copyToContiguousArray()
method descriptor for Sequence._copyToContiguousArray()
dispatch thunk of Sequence._customContainsEquatableElement(_:)
method descriptor for Sequence._customContainsEquatableElement(_:)
dispatch thunk of Sequence.withContiguousStorageIfAvailable<A>(_:)
method descriptor for Sequence.withContiguousStorageIfAvailable<A>(_:)
associated conformance descriptor for Sequence.Sequence.Iterator: IteratorProtocol
protocol descriptor for Sequence
protocol requirements base descriptor for Sequence
Sequence<>.makeIterator()
Sequence.allSatisfy(_:)
Sequence.compactMap<A>(_:)
Sequence.enumerated()
Sequence._copyContents(initializing:)
Sequence.withContiguousStorageIfAvailable<A>(_:)
Sequence.lazy.getter
Sequence.reduce<A>(into:_:)
Sequence.reduce<A>(_:_:)
Sequence.sorted(by:)
Sequence.contains(where:)
Sequence<>.elementsEqual<A>(_:)
Sequence<>.contains(_:)
nominal type descriptor for UnsafeRawPointer
dispatch thunk of RangeExpression.relative<A>(to:)
dispatch thunk of RawRepresentable.rawValue.getter
method descriptor for RawRepresentable.rawValue.getter
dispatch thunk of RawRepresentable.init(rawValue:)
method descriptor for RawRepresentable.init(rawValue:)
protocol descriptor for RawRepresentable
protocol requirements base descriptor for RawRepresentable
RawRepresentable<>.encode(to:)
RawRepresentable<>.encode(to:)
RawRepresentable<>.init(from:)
RawRepresentable<>.init(from:)
specialized Array._makeUniqueAndReserveCapacityIfNotUnique()
Array._bridgeToObjectiveC()
static Array._unconditionallyBridgeFromObjectiveC(_:)
Array.description.getter
static Array._adoptStorage(_:count:)
Array.reserveCapacity(_:)
Array.withUnsafeBytes<A>(_:)
specialized Array._createNewBuffer(bufferIsUnique:minimumCapacity:growForAppend:)
Array._makeMutableAndUnique()
static Array._allocateUninitialized(_:)
static Array._allocateBufferUninitialized(minimumCapacity:)
specialized Array._appendElementAssumeUniqueAndCapacity(_:newElement:)
Array.count.getter
Array.append<A>(contentsOf:)
Array.append(_:)
Array.remove(at:)
Array.endIndex.getter
Array.removeAll(keepingCapacity:)
type metadata accessor for Array
static Array<A>.== infix(_:_:)
Array.init<A>(_:)
protocol conformance descriptor for <A> [A]
protocol conformance descriptor for [A]
protocol conformance descriptor for [A]
protocol conformance descriptor for [A]
protocol conformance descriptor for <A> [A]
protocol conformance descriptor for [A]
protocol conformance descriptor for [A]
protocol conformance descriptor for [A]
protocol conformance descriptor for [A]
Array.subscript.getter
nominal type descriptor for Bool
type metadata for Bool
protocol witness table for Bool
protocol witness table for Bool
dispatch thunk of Actor.unownedExecutor.getter
method descriptor for Actor.unownedExecutor.getter
protocol descriptor for Actor
CheckedContinuation.init(continuation:function:)
CheckedContinuation.resume(throwing:)
CheckedContinuation.resume(returning:)
type metadata accessor for CancellationError
protocol conformance descriptor for CancellationError
method descriptor for Executor.enqueue(_:)
method descriptor for Executor.enqueue(_:)
method descriptor for Executor.enqueue(_:)
protocol descriptor for Executor
dispatch thunk of AsyncIteratorProtocol.next()
async function pointer to dispatch thunk of AsyncIteratorProtocol.next()
method descriptor for AsyncIteratorProtocol.next()
dispatch thunk of AsyncIteratorProtocol.next(isolation:)
async function pointer to dispatch thunk of AsyncIteratorProtocol.next(isolation:)
method descriptor for AsyncIteratorProtocol.next(isolation:)
associated conformance descriptor for AsyncIteratorProtocol.AsyncIteratorProtocol.Failure: Error
protocol descriptor for AsyncIteratorProtocol
protocol requirements base descriptor for AsyncIteratorProtocol
AsyncIteratorProtocol.next(isolation:)
async function pointer to AsyncIteratorProtocol.next(isolation:)
UnownedJob.init(_:)
UnownedJob.init(_:)
static MainActor.shared.getter
type metadata accessor for MainActor
protocol conformance descriptor for MainActor
protocol witness table for MainActor
static TaskPriority.userInitiated.getter
TaskPriority.rawValue.getter
type metadata accessor for TaskPriority
type metadata accessor for AsyncStream.Continuation.YieldResult
enum case for AsyncStream.Continuation.BufferingPolicy.unbounded<A>(_:)
type metadata accessor for AsyncStream.Continuation.BufferingPolicy
AsyncStream.Continuation.yield(_:)
AsyncStream.Continuation.finish()
type metadata accessor for AsyncStream.Continuation
nominal type descriptor for AsyncStream.Continuation
AsyncStream.makeAsyncIterator()
AsyncStream.Iterator.next()
async function pointer to AsyncStream.Iterator.next()
type metadata accessor for AsyncStream.Iterator
nominal type descriptor for AsyncStream.Iterator
type metadata accessor for AsyncStream
AsyncStream.init(_:bufferingPolicy:_:)
Task.cancel()
Task.result.getter
async function pointer to Task.result.getter
Task<>.value.getter
async function pointer to Task<>.value.getter
static Task<>.isCancelled.getter
static Task<>.currentPriority.getter
static Task<>.checkCancellation()
static Task<>.sleep(nanoseconds:)
async function pointer to static Task<>.sleep(nanoseconds:)
static Task<>.yield()
async function pointer to static Task<>.yield()
type metadata accessor for UnsafeContinuation
UnownedSerialExecutor.init<A>(complexEquality:)
method descriptor for SerialExecutor.checkIsolated()
dispatch thunk of SerialExecutor.asUnownedSerialExecutor()
method descriptor for SerialExecutor.asUnownedSerialExecutor()
method descriptor for SerialExecutor.isIsolatingCurrentContext()
method descriptor for SerialExecutor.isSameExclusiveExecutionContext(other:)
method descriptor for SerialExecutor.enqueue(_:)
method descriptor for SerialExecutor.enqueue(_:)
method descriptor for SerialExecutor.enqueue(_:)
protocol descriptor for SerialExecutor
base conformance descriptor for SerialExecutor: Executor
SerialExecutor.checkIsolated()
SerialExecutor.isIsolatingCurrentContext()
ThrowingTaskGroup.makeAsyncIterator()
ThrowingTaskGroup.awaitAllRemainingTasks()
async function pointer to ThrowingTaskGroup.awaitAllRemainingTasks()
ThrowingTaskGroup.next(isolation:)
async function pointer to ThrowingTaskGroup.next(isolation:)
ThrowingTaskGroup.Iterator.next()
async function pointer to ThrowingTaskGroup.Iterator.next()
nominal type descriptor for ThrowingTaskGroup.Iterator
ThrowingTaskGroup.cancelAll()
associated conformance descriptor for AsyncSequence.AsyncSequence.AsyncIterator: AsyncIteratorProtocol
dispatch thunk of AsyncSequence.makeAsyncIterator()
method descriptor for AsyncSequence.makeAsyncIterator()
protocol descriptor for AsyncSequence
protocol requirements base descriptor for AsyncSequence
static AsyncThrowingStream.makeStream<>(of:throwing:bufferingPolicy:)
type metadata accessor for AsyncThrowingStream.Continuation.YieldResult
nominal type descriptor for AsyncThrowingStream.Continuation.YieldResult
AsyncThrowingStream.Continuation.onTermination.setter
enum case for AsyncThrowingStream.Continuation.BufferingPolicy.unbounded<A, B>(_:)
type metadata accessor for AsyncThrowingStream.Continuation.BufferingPolicy
nominal type descriptor for AsyncThrowingStream.Continuation.BufferingPolicy
AsyncThrowingStream.Continuation.yield(_:)
AsyncThrowingStream.Continuation.finish(throwing:)
type metadata accessor for AsyncThrowingStream.Continuation
nominal type descriptor for AsyncThrowingStream.Continuation
AsyncThrowingStream.makeAsyncIterator()
AsyncThrowingStream.Iterator.next(isolation:)
async function pointer to AsyncThrowingStream.Iterator.next(isolation:)
AsyncThrowingStream.Iterator.next()
async function pointer to AsyncThrowingStream.Iterator.next()
type metadata accessor for AsyncThrowingStream.Iterator
nominal type descriptor for AsyncThrowingStream.Iterator
type metadata accessor for AsyncThrowingStream
AsyncThrowingStream.init<>(_:bufferingPolicy:_:)
UnsafeCurrentTask.hash(into:)
type metadata accessor for UnsafeCurrentTask
Double._bridgeToObjectiveC()
Double.description.getter
Double.write<A>(to:)
type metadata for Double
protocol witness table for Double
protocol witness table for Double
protocol witness table for Double
protocol witness table for Double
method descriptor for Decodable.init(from:)
protocol descriptor for Decodable
Float.description.getter
Float.write<A>(to:)
protocol witness table for Float
protocol witness table for Float
type metadata for Float
protocol conformance descriptor for Float
protocol witness table for Float
protocol witness table for Float
protocol witness table for Float
static Set._unconditionallyBridgeFromObjectiveC(_:)
Set.intersection(_:)
Set.init(minimumCapacity:)
Set.formIntersection<A>(_:)
Set.symmetricDifference<A>(_:)
Set.formSymmetricDifference(_:)
static Set.== infix(_:_:)
Set.hash(into:)
Set.count.getter
Set.union<A>(_:)
Set.insert(_:)
Set.remove(_:)
Set.update(with:)
Set.init(_native:)
Set.isEmpty.getter
Set.Iterator.init(_cocoa:)
Set.Iterator.init(_native:)
Set.contains(_:)
Set.isSubset<A>(of:)
Set.formUnion<A>(_:)
type metadata accessor for Set
nominal type descriptor for Set
Set.init<A>(_:)
protocol conformance descriptor for Set<A>
protocol conformance descriptor for Set<A>
protocol witness table for Int
Int._bridgeToObjectiveC()
protocol witness table for Int
nominal type descriptor for Int
type metadata for Int
protocol witness table for Int
protocol witness table for Int
protocol witness table for Int
protocol conformance descriptor for Int
protocol witness table for Int
protocol witness table for Int
protocol conformance descriptor for Int
protocol conformance descriptor for Int
protocol witness table for Int
protocol witness table for Int
protocol witness table for Int
dispatch thunk of Numeric.init<A>(exactly:)
associated conformance descriptor for RandomAccessCollection.Collection.SubSequence: RandomAccessCollection
method descriptor for RandomAccessCollection.index(_:offsetBy:limitedBy:)
dispatch thunk of RandomAccessCollection.index(_:offsetBy:)
method descriptor for RandomAccessCollection.index(_:offsetBy:)
associated conformance descriptor for RandomAccessCollection.Collection.Indices: RandomAccessCollection
dispatch thunk of RandomAccessCollection.distance(from:to:)
method descriptor for RandomAccessCollection.distance(from:to:)
protocol descriptor for RandomAccessCollection
base conformance descriptor for RandomAccessCollection: BidirectionalCollection
RandomAccessCollection.index(_:offsetBy:limitedBy:)
RandomAccessCollection<>.index(after:)
RandomAccessCollection<>.index(before:)
RandomAccessCollection<>.index(_:offsetBy:)
RandomAccessCollection<>.indices.getter
RandomAccessCollection<>.distance(from:to:)
dispatch thunk of Collection.startIndex.getter
method descriptor for Collection.startIndex.getter
associated conformance descriptor for Collection.Collection.SubSequence: Collection
Collection<>.trimmingPrefix<A>(_:)
method descriptor for Collection._failEarlyRangeCheck(_:bounds:)
method descriptor for Collection._failEarlyRangeCheck(_:bounds:)
dispatch thunk of Collection._failEarlyRangeCheck(_:bounds:)
method descriptor for Collection._failEarlyRangeCheck(_:bounds:)
method descriptor for Collection._customIndexOfEquatableElement(_:)
method descriptor for Collection._customLastIndexOfEquatableElement(_:)
associated conformance descriptor for Collection.Collection.Index: Comparable
dispatch thunk of Collection.count.getter
method descriptor for Collection.count.getter
dispatch thunk of Collection.index(after:)
method descriptor for Collection.index(after:)
method descriptor for Collection.index(_:offsetBy:limitedBy:)
dispatch thunk of Collection.index(_:offsetBy:)
method descriptor for Collection.index(_:offsetBy:)
associated conformance descriptor for Collection.Collection.Indices: Collection
dispatch thunk of Collection.indices.getter
method descriptor for Collection.indices.getter
dispatch thunk of Collection.isEmpty.getter
method descriptor for Collection.isEmpty.getter
dispatch thunk of Collection.distance(from:to:)
method descriptor for Collection.distance(from:to:)
dispatch thunk of Collection.endIndex.getter
method descriptor for Collection.endIndex.getter
dispatch thunk of Collection.formIndex(after:)
method descriptor for Collection.formIndex(after:)
protocol descriptor for Collection
base conformance descriptor for Collection: Sequence
protocol requirements base descriptor for Collection
Collection.firstIndex(where:)
Collection.underestimatedCount.getter
Collection.count.getter
Collection.first.getter
Collection.split(maxSplits:omittingEmptySubsequences:whereSeparator:)
Collection.prefix(_:)
Collection.isEmpty.getter
Collection.dropFirst(_:)
Collection.subscript.getter
Collection<>.indices.getter
Collection<>.firstIndex(of:)
Collection<>.subscript.getter
method descriptor for Collection.subscript.getter
dispatch thunk of Collection.subscript.read
method descriptor for Collection.subscript.read
associated conformance descriptor for RangeReplaceableCollection.Collection.SubSequence: RangeReplaceableCollection
method descriptor for RangeReplaceableCollection.removeFirst()
method descriptor for RangeReplaceableCollection.removeFirst(_:)
method descriptor for RangeReplaceableCollection.removeSubrange(_:)
method descriptor for RangeReplaceableCollection.replaceSubrange<A>(_:with:)
method descriptor for RangeReplaceableCollection.reserveCapacity(_:)
RangeReplaceableCollection<>.replacing<A, B, C>(_:maxReplacements:with:)
RangeReplaceableCollection<>.replacing<A, B>(_:with:maxReplacements:)
method descriptor for RangeReplaceableCollection._customRemoveLast()
method descriptor for RangeReplaceableCollection._customRemoveLast(_:)
method descriptor for RangeReplaceableCollection.append<A>(contentsOf:)
dispatch thunk of RangeReplaceableCollection.append(_:)
method descriptor for RangeReplaceableCollection.append(_:)
method descriptor for RangeReplaceableCollection.insert<A>(contentsOf:at:)
method descriptor for RangeReplaceableCollection.insert(_:at:)
method descriptor for RangeReplaceableCollection.remove(at:)
method descriptor for RangeReplaceableCollection.removeAll(keepingCapacity:)
method descriptor for RangeReplaceableCollection.removeAll(where:)
method descriptor for RangeReplaceableCollection.init(repeating:count:)
protocol descriptor for RangeReplaceableCollection
base conformance descriptor for RangeReplaceableCollection: Collection
RangeReplaceableCollection.removeFirst(_:)
RangeReplaceableCollection.removeSubrange(_:)
RangeReplaceableCollection.append<A>(contentsOf:)
RangeReplaceableCollection.insert<A>(contentsOf:at:)
RangeReplaceableCollection.insert(_:at:)
RangeReplaceableCollection.applying(_:)
RangeReplaceableCollection.init(repeating:count:)
RangeReplaceableCollection.init<A>(_:)
RangeReplaceableCollection<>._customRemoveLast()
RangeReplaceableCollection<>._customRemoveLast(_:)
RangeReplaceableCollection<>.removeLast()
RangeReplaceableCollection<>.removeLast(_:)
RangeReplaceableCollection<>.removeAll(where:)
dispatch thunk of RangeReplaceableCollection.init()
method descriptor for RangeReplaceableCollection.init()
method descriptor for RangeReplaceableCollection.init<A>(_:)
Range<>.init(_:in:)
type metadata accessor for Range
protocol conformance descriptor for <> Range<A>
protocol conformance descriptor for <> Range<A>
protocol conformance descriptor for Range<A>
protocol conformance descriptor for <> Range<A>
protocol conformance descriptor for <> Range<A>
CGContextRef.draw(_:in:byTiling:)
NSEnumerator.makeIterator()
NSFileHandle.read(upToCount:)
NSFileHandle.write<A>(contentsOf:)
NSFileHandle.seekToEnd()
NSURLSession.AsyncBytes.makeAsyncIterator()
type metadata accessor for NSURLSession.AsyncBytes
nominal type descriptor for NSURLSession.AsyncBytes
protocol conformance descriptor for NSURLSession.AsyncBytes
NSURLSession.data(for:delegate:)
async function pointer to NSURLSession.data(for:delegate:)
NSURLSession.bytes(for:delegate:)
async function pointer to NSURLSession.bytes(for:delegate:)
NSURLSession.upload(for:from:delegate:)
async function pointer to NSURLSession.upload(for:from:delegate:)
NSURLSession.upload(for:fromFile:delegate:)
async function pointer to NSURLSession.upload(for:fromFile:delegate:)
NSURLSession.download(resumeFrom:delegate:)
async function pointer to NSURLSession.download(resumeFrom:delegate:)
NSURLSession.download(for:delegate:)
async function pointer to NSURLSession.download(for:delegate:)
NSFileManager.enumerator(at:includingPropertiesForKeys:options:errorHandler:)
NSFileManager.replaceItemAt(_:withItemAt:backupItemName:options:)
static os_log_type_t.error.getter
type metadata accessor for OS_dispatch_queue.Attributes
nominal type descriptor for OS_dispatch_queue.Attributes
protocol conformance descriptor for OS_dispatch_queue.Attributes
enum case for OS_dispatch_queue.AutoreleaseFrequency.inherit(_:)
type metadata accessor for OS_dispatch_queue.AutoreleaseFrequency
OS_dispatch_queue.async(group:qos:flags:execute:)
OS_dispatch_queue.init(label:qos:attributes:autoreleaseFrequency:target:)
static OS_dispatch_queue.global(qos:)
static os_signpost_type_t.end.getter
static os_signpost_type_t.begin.getter
static os_signpost_type_t.event.getter
OS_dispatch_semaphore.wait()
OS_dispatch_semaphore.signal()
MLModel.prediction(from:using:)
async function pointer to MLModel.prediction(from:using:)
MLModel.prediction(from:)
async function pointer to MLModel.prediction(from:)
MLModel.makeState()
NSNumber.init(integerLiteral:)
NSObject._rawHashValue(seed:)
static NSObject.== infix(_:_:)
NSObject.hash(into:)
protocol conformance descriptor for NSObject
NSString.init(stringLiteral:)
protocol conformance descriptor for NSString
static _NSRange._conditionallyBridgeFromObjectiveC(_:result:)
_NSRange.init<A, B>(_:in:)
NSScanner.scanString(_:)
NSScanner.scanCharacter()
NSScanner.scanUpToString(_:)
OS_os_log.init(subsystem:category:)
UnsafeMutablePointer.deallocate()
UnsafeMutablePointer.initialize(from:count:)
UnsafeMutablePointer.initialize(repeating:count:)
UnsafeMutablePointer.deinitialize(count:)
UnsafeMutablePointer.moveInitialize(from:count:)
UnsafeMutablePointer.move()
static UnsafeMutablePointer.allocate(capacity:)
type metadata accessor for UnsafeMutablePointer
nominal type descriptor for UnsafeMutablePointer
protocol conformance descriptor for UnsafeMutablePointer<A>
type metadata accessor for Optional
nominal type descriptor for Optional
Optional<A>.hash(into:)
UnsafeMutableBufferPointer.deallocate()
UnsafeMutableBufferPointer.initialize<A>(from:)
UnsafeMutableBufferPointer.initialize(repeating:)
UnsafeMutableBufferPointer.init(start:count:)
UnsafeMutableBufferPointer.init(_empty:)
UnsafeMutableBufferPointer.swapAt(_:_:)
static UnsafeMutableBufferPointer.allocate(capacity:)
UnsafeMutableBufferPointer.init(mutating:)
type metadata accessor for UnsafeMutableBufferPointer
UnsafeMutableBufferPointer.subscript.getter
protocol conformance descriptor for UnsafeMutableBufferPointer<A>
protocol conformance descriptor for UnsafeMutableBufferPointer<A>
protocol conformance descriptor for UnsafeMutableBufferPointer<A>
Substring.lowercased()
Substring.uppercased()
nominal type descriptor for Substring.UnicodeScalarView
type metadata for Substring.UnicodeScalarView
protocol conformance descriptor for Substring
Substring.index(before:)
Substring.index(_:offsetBy:limitedBy:)
Substring.UTF8View.index(after:)
Substring.UTF8View.index(_:offsetBy:limitedBy:)
Substring.UTF8View.distance(from:to:)
Substring.UTF8View.subscript.getter
Substring.distance(from:to:)
type metadata for Substring
protocol witness table for Substring
protocol conformance descriptor for Substring
protocol conformance descriptor for Substring
protocol witness table for Substring
Substring.subscript.getter
Substring.init(_:)
Substring.subscript.getter
Substring.init<A>(_:)
dispatch thunk of IteratorProtocol.next()
method descriptor for IteratorProtocol.next()
protocol descriptor for IteratorProtocol
nominal type descriptor for UInt
type metadata for UInt
protocol conformance descriptor for UInt
protocol conformance descriptor for UInt
protocol witness table for UInt
nominal type descriptor for UnsafeMutableRawPointer
associated conformance descriptor for Strideable.Strideable.Stride: Comparable
associated conformance descriptor for Strideable.Strideable.Stride: SignedNumeric
dispatch thunk of Strideable.advanced(by:)
dispatch thunk of Strideable.distance(to:)
protocol requirements base descriptor for Strideable
StringProtocol.components(separatedBy:)
StringProtocol.components<A>(separatedBy:)
StringProtocol.capitalized.getter
StringProtocol.commonPrefix<A>(with:options:)
StringProtocol.trimmingCharacters(in:)
StringProtocol.replacingOccurrences<A, B>(of:with:options:range:)
StringProtocol.addingPercentEncoding(withAllowedCharacters:)
StringProtocol.removingPercentEncoding.getter
StringProtocol.localizedCaseInsensitiveCompare<A>(_:)
StringProtocol.decomposedStringWithCanonicalMapping.getter
StringProtocol.precomposedStringWithCanonicalMapping.getter
StringProtocol.decomposedStringWithCompatibilityMapping.getter
StringProtocol.precomposedStringWithCompatibilityMapping.getter
StringProtocol.data(using:allowLossyConversion:)
StringProtocol.range<A>(of:options:range:locale:)
StringProtocol.write(to:atomically:encoding:)
StringProtocol.compare<A>(_:options:range:locale:)
StringProtocol.contains<A>(_:)
associated conformance descriptor for StringProtocol.Collection.SubSequence: StringProtocol
StringProtocol<>.split(separator:maxSplits:omittingEmptySubsequences:)
protocol requirements base descriptor for StringProtocol
dispatch thunk of BinaryInteger.init<A>(truncatingIfNeeded:)
dispatch thunk of static BinaryInteger.& infix(_:_:)
dispatch thunk of static BinaryInteger.| infix(_:_:)
dispatch thunk of static BinaryInteger.>> infix<A>(_:_:)
dispatch thunk of static BinaryInteger.<< infix<A>(_:_:)
dispatch thunk of BinaryInteger._lowWord.getter
dispatch thunk of BinaryInteger.bitWidth.getter
dispatch thunk of static BinaryInteger.isSigned.getter
BinaryInteger.description.getter
dispatch thunk of BinaryInteger.init<A>(_:)
_bridgeAnyObjectToAny(_:)
ArraySlice._copyToContiguousArray()
ArraySlice.startIndex.getter
ArraySlice.description.getter
ArraySlice.withContiguousStorageIfAvailable<A>(_:)
ArraySlice.endIndex.getter
type metadata accessor for ArraySlice
nominal type descriptor for ArraySlice
static ArraySlice<A>.== infix(_:_:)
protocol conformance descriptor for ArraySlice<A>
protocol conformance descriptor for ArraySlice<A>
protocol conformance descriptor for ArraySlice<A>
ArraySlice.subscript.getter
type metadata accessor for OutputSpan
protocol descriptor for SetAlgebra
method descriptor for SetAlgebra.isDisjoint(with:)
method descriptor for SetAlgebra.isSuperset(of:)
method descriptor for SetAlgebra.subtracting(_:)
method descriptor for SetAlgebra.intersection(_:)
method descriptor for SetAlgebra.formIntersection(_:)
method descriptor for SetAlgebra.symmetricDifference(_:)
method descriptor for SetAlgebra.formSymmetricDifference(_:)
method descriptor for SetAlgebra.union(_:)
method descriptor for SetAlgebra.insert(_:)
method descriptor for SetAlgebra.remove(_:)
method descriptor for SetAlgebra.update(with:)
method descriptor for SetAlgebra.isEmpty.getter
dispatch thunk of SetAlgebra.contains(_:)
method descriptor for SetAlgebra.contains(_:)
method descriptor for SetAlgebra.isSubset(of:)
method descriptor for SetAlgebra.subtract(_:)
method descriptor for SetAlgebra.formUnion(_:)
base conformance descriptor for SetAlgebra: Equatable
base conformance descriptor for SetAlgebra: ExpressibleByArrayLiteral
SetAlgebra.isDisjoint(with:)
SetAlgebra.isSuperset(of:)
SetAlgebra.subtracting(_:)
SetAlgebra.isEmpty.getter
SetAlgebra.isSubset(of:)
SetAlgebra.subtract(_:)
SetAlgebra.init<A>(_:)
method descriptor for SetAlgebra.init()
dispatch thunk of SetAlgebra.init<A>(_:)
method descriptor for SetAlgebra.init<A>(_:)
_HashTable.startBucket.getter
_HashTable.previousHole(before:)
_HashTable.occupiedBucket(after:)
_HashTable.nextHole(atOrAfter:)
_NativeSet._unsafeInsertNew(_:at:)
_NativeSet.init(capacity:)
_NativeSet._elements.getter
__CocoaSet.makeIterator()
__CocoaSet.Iterator.next()
debugPrint<A>(_:separator:terminator:to:)
AnyHashable._rawHashValue(seed:)
static AnyHashable.== infix(_:_:)
type metadata for AnyHashable
protocol witness table for AnyHashable
AnyHashable.init<A>(_:)
nominal type descriptor for AnyIterator
protocol conformance descriptor for AnyIterator<A>
ExecutorJob.init(_:)
type metadata accessor for InlineArray
static _SetStorage.copy(original:)
static _SetStorage.resize(original:capacity:move:)
static _SetStorage.allocate(capacity:)
nominal type descriptor for _SetStorage
_StringGuts.foreignScalarAlign(_:)
_StringGuts.fastUTF8ScalarLength(startingAt:)
_StringGuts.foreignErrorCorrectedScalar(startingAt:)
_StringGuts.grow(_:)
_StringGuts.copyUTF8(into:)
type metadata for _StringGuts
protocol descriptor for CaseIterable
associated conformance descriptor for CaseIterable.CaseIterable.AllCases: Collection
dispatch thunk of static CaseIterable.allCases.getter
method descriptor for static CaseIterable.allCases.getter
protocol requirements base descriptor for CaseIterable
protocol descriptor for Identifiable
associated conformance descriptor for Identifiable.Identifiable.ID: Hashable
method descriptor for Identifiable.id.getter
type metadata accessor for LazySequence
protocol conformance descriptor for LazySequence<A>
StaticString.description.getter
nominal type descriptor for StaticString
type metadata accessor for Zip2Sequence
protocol conformance descriptor for Zip2Sequence<A, B>
dispatch thunk of _AnyIndexBox._typeID.getter
dispatch thunk of _AnyIndexBox._isEqual(to:)
_ArrayBuffer._typeCheckSlowPath(_:)
specialized _ArrayBuffer._getElementSlowPath(_:)
_ArrayBuffer.firstElementAddress.getter
_ArrayBuffer._native.getter
_ArrayBuffer._isNative.getter
type metadata accessor for _ArrayBuffer
protocol conformance descriptor for _ArrayBuffer<A>
nominal type descriptor for _IteratorBox
_SliceBuffer.firstElementAddress.getter
_SliceBuffer.count.getter
static DecodingError.dataCorruptedError(in:debugDescription:)
static DecodingError.dataCorruptedError<A>(forKey:in:debugDescription:)
enum case for DecodingError.keyNotFound(_:)
enum case for DecodingError.typeMismatch(_:)
enum case for DecodingError.dataCorrupted(_:)
DecodingError.Context.init(codingPath:debugDescription:underlyingError:)
DecodingError.Context.codingPath.getter
type metadata accessor for DecodingError.Context
nominal type descriptor for DecodingError.Context
type metadata accessor for DecodingError
protocol witness table for DecodingError
enum case for EncodingError.invalidValue(_:)
EncodingError.Context.init(codingPath:debugDescription:underlyingError:)
nominal type descriptor for EncodingError.Context
type metadata accessor for EncodingError
protocol witness table for EncodingError
ManagedBuffer.headerAddress.getter
ManagedBuffer.firstElementAddress.getter
static ManagedBuffer.create(minimumCapacity:makingHeaderWith:)
ManagedBuffer.capacity.getter
nominal type descriptor for ManagedBuffer
class metadata base offset for ManagedBuffer
ManagedBuffer.deinit
nominal type descriptor for OpaquePointer
_StringObject.sharedUTF8.getter
repeatElement<A>(_:count:)
type metadata accessor for CollectionOfOne
CollectionOfOne.init(_:)
protocol conformance descriptor for CollectionOfOne<A>
protocol conformance descriptor for CollectionOfOne<A>
ContiguousArray.withContiguousStorageIfAvailable<A>(_:)
ContiguousArray.withContiguousMutableStorageIfAvailable<A>(_:)
ContiguousArray._copyToContiguousArray()
ContiguousArray.init(arrayLiteral:)
ContiguousArray.reserveCapacity(_:)
ContiguousArray._makeMutableAndUnique()
static ContiguousArray._allocateUninitialized(_:)
static ContiguousArray._allocateBufferUninitialized(minimumCapacity:)
ContiguousArray.count.getter
ContiguousArray.append<A>(contentsOf:)
ContiguousArray.append(_:)
ContiguousArray.insert(_:at:)
ContiguousArray.remove(at:)
ContiguousArray.removeAll(keepingCapacity:)
ContiguousArray.init()
type metadata accessor for ContiguousArray
nominal type descriptor for ContiguousArray
static ContiguousArray<A>.== infix(_:_:)
ContiguousArray.init<A>(_:)
ContiguousArray.subscript.getter
protocol conformance descriptor for <A> ContiguousArray<A>
protocol conformance descriptor for ContiguousArray<A>
protocol conformance descriptor for ContiguousArray<A>
protocol conformance descriptor for ContiguousArray<A>
protocol conformance descriptor for <A> ContiguousArray<A>
protocol conformance descriptor for ContiguousArray<A>
protocol conformance descriptor for ContiguousArray<A>
protocol conformance descriptor for ContiguousArray<A>
ContiguousArray.subscript.modify
ContiguousArray.subscript.getter
ContinuousClock.now.getter
static ContinuousClock.now.getter
static ContinuousClock.Instant.< infix(_:_:)
static ContinuousClock.Instant.now.getter
ContinuousClock.Instant.advanced(by:)
ContinuousClock.Instant.duration(to:)
type metadata accessor for ContinuousClock.Instant
nominal type descriptor for ContinuousClock.Instant
protocol conformance descriptor for ContinuousClock.Instant
protocol conformance descriptor for ContinuousClock.Instant
ContinuousClock.init()
type metadata accessor for ContinuousClock
nominal type descriptor for ContinuousClock
protocol conformance descriptor for ContinuousClock
dispatch thunk of InstantProtocol.advanced(by:)
type metadata accessor for LazyMapSequence
nominal type descriptor for LazyMapSequence
protocol conformance descriptor for <> LazyMapSequence<A, B>
protocol conformance descriptor for LazyMapSequence<A, B>
_print_unlocked<A, B>(_:_:)
type metadata accessor for IndexingIterator
nominal type descriptor for IndexingIterator
protocol conformance descriptor for IndexingIterator<A>
type metadata accessor for PartialRangeFrom
nominal type descriptor for PartialRangeFrom
PartialRangeFrom.init(_:)
protocol conformance descriptor for PartialRangeFrom<A>
type metadata accessor for PartialRangeUpTo
nominal type descriptor for PartialRangeUpTo
PartialRangeUpTo.init(_:)
protocol conformance descriptor for PartialRangeUpTo<A>
protocol descriptor for CustomReflectable
method descriptor for CustomReflectable.customMirror.getter
protocol descriptor for FixedWidthInteger
dispatch thunk of static FixedWidthInteger.bitWidth.getter
dispatch thunk of FixedWidthInteger.littleEndian.getter
dispatch thunk of FixedWidthInteger.nonzeroBitCount.getter
dispatch thunk of FixedWidthInteger.leadingZeroBitCount.getter
dispatch thunk of FixedWidthInteger.subtractingReportingOverflow(_:)
dispatch thunk of static FixedWidthInteger.&<< infix(_:_:)
dispatch thunk of static FixedWidthInteger.max.getter
dispatch thunk of FixedWidthInteger.bigEndian.getter
static FixedWidthInteger.random<A>(in:using:)
dispatch thunk of _AnyCollectionBox.subscript.getter
_NativeDictionary.mutatingFind(_:isUnique:)
_NativeDictionary._insert(at:key:value:)
_NativeDictionary._values.getter
type metadata accessor for _NativeDictionary
_NativeDictionary.init(_:)
_NativeDictionary.init(_:)
_assertionFailure(_:_:file:line:flags:)
_assertionFailure(_:_:flags:)
protocol descriptor for AdditiveArithmetic
method descriptor for static AdditiveArithmetic.+ infix(_:_:)
dispatch thunk of static AdditiveArithmetic.- infix(_:_:)
method descriptor for static AdditiveArithmetic.- infix(_:_:)
method descriptor for static AdditiveArithmetic.+= infix(_:_:)
dispatch thunk of static AdditiveArithmetic.-= infix(_:_:)
method descriptor for static AdditiveArithmetic.-= infix(_:_:)
dispatch thunk of static AdditiveArithmetic.zero.getter
method descriptor for static AdditiveArithmetic.zero.getter
base conformance descriptor for AdditiveArithmetic: Equatable
EnumeratedSequence.makeIterator()
EnumeratedSequence.Iterator.next()
type metadata accessor for EnumeratedSequence.Iterator
type metadata accessor for EnumeratedSequence
protocol conformance descriptor for <> EnumeratedSequence<A>
nominal type descriptor for ReversedCollection
protocol conformance descriptor for ReversedCollection<A>
_CocoaArrayWrapper._copyContents(subRange:initializing:)
_CocoaArrayWrapper.endIndex.getter
_CocoaArrayWrapper.subscript.getter
_CocoaArrayWrapper.subscript.getter
static _DictionaryStorage.copy(original:)
static _DictionaryStorage.resize(original:capacity:move:)
static _DictionaryStorage.allocate(capacity:)
nominal type descriptor for _DictionaryStorage
dispatch thunk of _AnyIteratorBoxBase.next()
type metadata accessor for CollectionDifference.Change
type metadata accessor for CollectionDifference
CollectionDifference.init<A>(_:)
LazySequenceProtocol.map<A>(_:)
ManagedBufferPointer.init(unsafeBufferObject:)
ManagedBufferPointer._headerPointer.getter
ManagedBufferPointer._elementPointer.getter
ManagedBufferPointer.init(bufferClass:minimumCapacity:makingHeaderWith:)
ManagedBufferPointer.isUniqueReference()
type metadata accessor for ManagedBufferPointer
nominal type descriptor for ManagedBufferPointer
protocol descriptor for _SwiftNewtypeWrapper
base conformance descriptor for _SwiftNewtypeWrapper: RawRepresentable
base conformance descriptor for _SwiftNewtypeWrapper: _HasCustomAnyHashableRepresentation
_SwiftNewtypeWrapper<>._toCustomAnyHashable()
type metadata for __StaticArrayStorage
nominal type descriptor for _ClosureBasedIterator
protocol descriptor for _ObjectiveCBridgeable
method descriptor for static _ObjectiveCBridgeable._forceBridgeFromObjectiveC(_:result:)
method descriptor for static _ObjectiveCBridgeable._conditionallyBridgeFromObjectiveC(_:result:)
method descriptor for static _ObjectiveCBridgeable._unconditionallyBridgeFromObjectiveC(_:)
method descriptor for _ObjectiveCBridgeable._bridgeToObjectiveC()
_findStringSwitchCase(cases:string:)
withThrowingTaskGroup<A, B>(of:returning:isolation:body:)
async function pointer to withThrowingTaskGroup<A, B>(of:returning:isolation:body:)
withUnsafeCurrentTask<A>(body:)
KeyedDecodingContainer.nestedContainer<A>(keyedBy:forKey:)
KeyedDecodingContainer.codingPath.getter
KeyedDecodingContainer.decodeIfPresent(_:forKey:)
KeyedDecodingContainer.decodeIfPresent(_:forKey:)
KeyedDecodingContainer.decodeIfPresent(_:forKey:)
KeyedDecodingContainer.decodeIfPresent(_:forKey:)
KeyedDecodingContainer.decodeIfPresent(_:forKey:)
KeyedDecodingContainer.decodeIfPresent<A>(_:forKey:)
KeyedDecodingContainer.decodeIfPresent(_:forKey:)
KeyedDecodingContainer.decode(_:forKey:)
KeyedDecodingContainer.decode(_:forKey:)
KeyedDecodingContainer.decode(_:forKey:)
KeyedDecodingContainer.decode(_:forKey:)
KeyedDecodingContainer.decode(_:forKey:)
KeyedDecodingContainer.decode<A>(_:forKey:)
KeyedDecodingContainer.decode(_:forKey:)
KeyedDecodingContainer.decode(_:forKey:)
KeyedDecodingContainer.allKeys.getter
KeyedDecodingContainer.contains(_:)
KeyedDecodingContainer.decodeNil(forKey:)
nominal type descriptor for KeyedDecodingContainer
protocol conformance descriptor for KeyedDecodingContainer<A>
KeyedEncodingContainer.nestedContainer<A>(keyedBy:forKey:)
KeyedEncodingContainer.encodeIfPresent(_:forKey:)
KeyedEncodingContainer.encodeIfPresent(_:forKey:)
KeyedEncodingContainer.encodeIfPresent(_:forKey:)
KeyedEncodingContainer.encodeIfPresent(_:forKey:)
KeyedEncodingContainer.encodeIfPresent<A>(_:forKey:)
KeyedEncodingContainer.encodeIfPresent(_:forKey:)
KeyedEncodingContainer.encode(_:forKey:)
KeyedEncodingContainer.encode(_:forKey:)
KeyedEncodingContainer.encode(_:forKey:)
KeyedEncodingContainer.encode(_:forKey:)
KeyedEncodingContainer.encode(_:forKey:)
KeyedEncodingContainer.encode<A>(_:forKey:)
KeyedEncodingContainer.encode(_:forKey:)
nominal type descriptor for KeyedEncodingContainer
_ContiguousArrayBuffer.firstElementAddress.getter
_ContiguousArrayBuffer.count.getter
_ContiguousArrayBuffer.init(_:)
_minimumMergeRunLength(_:)
_stringCompareInternal(_:_:_:_:expecting:)
_writeBackMutableSlice<A, B>(_:bounds:slice:)
protocol descriptor for CustomStringConvertible
dispatch thunk of CustomStringConvertible.description.getter
method descriptor for CustomStringConvertible.description.getter
protocol descriptor for ExpressibleByNilLiteral
method descriptor for ExpressibleByNilLiteral.init(nilLiteral:)
type metadata accessor for _ContiguousArrayStorage
nominal type descriptor for _ContiguousArrayStorage
protocol descriptor for UnkeyedDecodingContainer
dispatch thunk of UnkeyedDecodingContainer.codingPath.getter
dispatch thunk of UnkeyedDecodingContainer.currentIndex.getter
dispatch thunk of UnkeyedDecodingContainer.count.getter
dispatch thunk of UnkeyedDecodingContainer.decode(_:)
dispatch thunk of UnkeyedDecodingContainer.decode(_:)
dispatch thunk of UnkeyedDecodingContainer.decode<A>(_:)
dispatch thunk of UnkeyedDecodingContainer.isAtEnd.getter
dispatch thunk of UnkeyedEncodingContainer.encode<A>(contentsOf:)
dispatch thunk of UnkeyedEncodingContainer.encode(_:)
dispatch thunk of UnkeyedEncodingContainer.encode(_:)
dispatch thunk of UnkeyedEncodingContainer.encode<A>(_:)
protocol descriptor for ExpressibleByArrayLiteral
method descriptor for ExpressibleByArrayLiteral.init(arrayLiteral:)
protocol descriptor for ExpressibleByFloatLiteral
method descriptor for ExpressibleByFloatLiteral.init(floatLiteral:)
associated conformance descriptor for ExpressibleByFloatLiteral.ExpressibleByFloatLiteral.FloatLiteralType: _ExpressibleByBuiltinFloatLiteral
DefaultStringInterpolation.appendInterpolation<A>(_:)
DefaultStringInterpolation.appendInterpolation<A>(_:)
nominal type descriptor for DefaultStringInterpolation
type metadata for DefaultStringInterpolation
protocol witness table for DefaultStringInterpolation
protocol witness table for DefaultStringInterpolation
protocol descriptor for ExpressibleByStringLiteral
method descriptor for ExpressibleByStringLiteral.init(stringLiteral:)
associated conformance descriptor for ExpressibleByStringLiteral.ExpressibleByStringLiteral.StringLiteralType: _ExpressibleByBuiltinStringLiteral
base conformance descriptor for ExpressibleByStringLiteral: ExpressibleByExtendedGraphemeClusterLiteral
_forceBridgeFromObjectiveC<A>(_:_:)
protocol descriptor for ExpressibleByBooleanLiteral
method descriptor for ExpressibleByBooleanLiteral.init(booleanLiteral:)
associated conformance descriptor for ExpressibleByBooleanLiteral.ExpressibleByBooleanLiteral.BooleanLiteralType: _ExpressibleByBuiltinBooleanLiteral
protocol descriptor for ExpressibleByIntegerLiteral
dispatch thunk of ExpressibleByIntegerLiteral.init(integerLiteral:)
method descriptor for ExpressibleByIntegerLiteral.init(integerLiteral:)
associated conformance descriptor for ExpressibleByIntegerLiteral.ExpressibleByIntegerLiteral.IntegerLiteralType: _ExpressibleByBuiltinIntegerLiteral
protocol requirements base descriptor for ExpressibleByIntegerLiteral
protocol descriptor for StringInterpolationProtocol
associated conformance descriptor for StringInterpolationProtocol.StringInterpolationProtocol.StringLiteralType: _ExpressibleByBuiltinStringLiteral
method descriptor for StringInterpolationProtocol.appendLiteral(_:)
method descriptor for StringInterpolationProtocol.init(literalCapacity:interpolationCount:)
type metadata for SystemRandomNumberGenerator
protocol witness table for SystemRandomNumberGenerator
_stringCompareWithSmolCheck(_:_:expecting:)
protocol descriptor for CustomDebugStringConvertible
method descriptor for CustomDebugStringConvertible.debugDescription.getter
protocol descriptor for SingleValueDecodingContainer
dispatch thunk of SingleValueDecodingContainer.codingPath.getter
dispatch thunk of SingleValueDecodingContainer.decode(_:)
dispatch thunk of SingleValueDecodingContainer.decode(_:)
dispatch thunk of SingleValueDecodingContainer.decode(_:)
dispatch thunk of SingleValueDecodingContainer.decode(_:)
dispatch thunk of SingleValueDecodingContainer.decode(_:)
dispatch thunk of SingleValueDecodingContainer.decode<A>(_:)
dispatch thunk of SingleValueDecodingContainer.decodeNil()
dispatch thunk of SingleValueEncodingContainer.encode(_:)
dispatch thunk of SingleValueEncodingContainer.encode(_:)
dispatch thunk of SingleValueEncodingContainer.encode(_:)
dispatch thunk of SingleValueEncodingContainer.encode(_:)
dispatch thunk of SingleValueEncodingContainer.encode(_:)
dispatch thunk of SingleValueEncodingContainer.encode<A>(_:)
dispatch thunk of SingleValueEncodingContainer.encodeNil()
type metadata accessor for __ContiguousArrayStorageBase
protocol descriptor for ExpressibleByDictionaryLiteral
method descriptor for ExpressibleByDictionaryLiteral.init(dictionaryLiteral:)
_copySequenceToContiguousArray<A>(_:)
_findStringSwitchCaseWithCache(cases:string:cache:)
protocol descriptor for ExpressibleByStringInterpolation
method descriptor for ExpressibleByStringInterpolation.init(stringInterpolation:)
associated conformance descriptor for ExpressibleByStringInterpolation.ExpressibleByStringInterpolation.StringInterpolation: StringInterpolationProtocol
base conformance descriptor for ExpressibleByStringInterpolation: ExpressibleByStringLiteral
_copyCollectionToContiguousArray<A>(_:)
protocol descriptor for ExpressibleByUnicodeScalarLiteral
method descriptor for ExpressibleByUnicodeScalarLiteral.init(unicodeScalarLiteral:)
associated conformance descriptor for ExpressibleByUnicodeScalarLiteral.ExpressibleByUnicodeScalarLiteral.UnicodeScalarLiteralType: _ExpressibleByBuiltinUnicodeScalarLiteral
dispatch thunk of _ExpressibleByBuiltinIntegerLiteral.init(_builtinIntegerLiteral:)
protocol descriptor for _HasCustomAnyHashableRepresentation
method descriptor for _HasCustomAnyHashableRepresentation._toCustomAnyHashable()
max<A>(_:_:)
min<A>(_:_:)
zip<A, B>(_:_:)
protocol descriptor for ExpressibleByExtendedGraphemeClusterLiteral
method descriptor for ExpressibleByExtendedGraphemeClusterLiteral.init(extendedGraphemeClusterLiteral:)
associated conformance descriptor for ExpressibleByExtendedGraphemeClusterLiteral.ExpressibleByExtendedGraphemeClusterLiteral.ExtendedGraphemeClusterLiteralType: _ExpressibleByBuiltinExtendedGraphemeClusterLiteral
base conformance descriptor for ExpressibleByExtendedGraphemeClusterLiteral: ExpressibleByUnicodeScalarLiteral
nominal type descriptor for Int8
type metadata for Int8
protocol conformance descriptor for Int8
swap<A>(_:_:)
ELEMENT_TYPE_OF_SET_VIOLATES_HASHABLE_REQUIREMENTS(_:)
KEY_TYPE_OF_DICTIONARY_VIOLATES_HASHABLE_REQUIREMENTS(_:)
dispatch thunk of Clock.now.getter
dispatch thunk of Clock.sleep(until:tolerance:)
async function pointer to dispatch thunk of Clock.sleep(until:tolerance:)
static Clock<>.continuous.getter
protocol descriptor for Error
Error.localizedDescription.getter
method descriptor for Error._getEmbeddedNSError()
method descriptor for Error._code.getter
method descriptor for Error._domain.getter
method descriptor for Error._userInfo.getter
Error._getEmbeddedNSError()
Error._code.getter
Error._domain.getter
Error._userInfo.getter
protocol self-conformance witness table for Error
nominal type descriptor for Int16
type metadata for Int16
protocol conformance descriptor for Int16
protocol witness table for Int32
protocol witness table for Int32
nominal type descriptor for Int32
type metadata for Int32
protocol witness table for Int32
protocol witness table for Int32
protocol conformance descriptor for Int32
protocol witness table for Int32
protocol witness table for Int32
nominal type descriptor for Int64
type metadata for Int64
protocol conformance descriptor for Int64
protocol conformance descriptor for Int64
protocol witness table for Int64
nominal type descriptor for Never
type metadata for Never
protocol witness table for Never
Slice.startIndex.getter
Slice.init(base:bounds:)
Slice.base.getter
Slice.index(_:offsetBy:)
Slice.endIndex.getter
Slice.formIndex(after:)
type metadata accessor for Slice
nominal type descriptor for Slice
Slice.subscript.getter
protocol conformance descriptor for <> Slice<A>
protocol conformance descriptor for <> Slice<A>
protocol conformance descriptor for Slice<A>
protocol conformance descriptor for <> Slice<A>
protocol conformance descriptor for Slice<A>
protocol conformance descriptor for <> Slice<A>
nominal type descriptor for UInt8
type metadata for UInt8
protocol conformance descriptor for UInt8
protocol conformance descriptor for UInt8
protocol witness table for UInt8
protocol witness table for UInt8
print(_:separator:terminator:)
static Hasher._hash(seed:bytes:count:)
static Hasher._hash(seed:_:)
Hasher.init(_seed:)
Hasher.combine(bytes:)
Hasher._combine(_:)
Hasher._combine(_:)
Hasher._combine(_:)
Hasher._combine(_:)
Hasher._combine(_:)
Hasher.finalize()
Hasher._finalize()
Hasher.init()
Mirror.init(reflecting:)
Mirror.subjectType.getter
enum case for Mirror.DisplayStyle.collection(_:)
enum case for Mirror.DisplayStyle.dictionary(_:)
enum case for Mirror.DisplayStyle.set(_:)
type metadata accessor for Mirror.DisplayStyle
nominal type descriptor for Mirror.DisplayStyle
enum case for Mirror.AncestorRepresentation.generated(_:)
type metadata accessor for Mirror.AncestorRepresentation
Mirror.children.getter
type metadata accessor for Mirror
Mirror.init<A, B>(_:unlabeledChildren:displayStyle:ancestorRepresentation:)
type metadata accessor for Result
nominal type descriptor for Result
nominal type descriptor for UInt16
type metadata for UInt16
protocol conformance descriptor for UInt16
protocol conformance descriptor for UInt16
protocol witness table for UInt16
nominal type descriptor for UInt32
type metadata for UInt32
protocol conformance descriptor for UInt32
protocol conformance descriptor for UInt32
protocol witness table for UInt32
nominal type descriptor for UInt64
type metadata for UInt64
protocol conformance descriptor for UInt64
protocol conformance descriptor for UInt64
protocol witness table for UInt64
protocol descriptor for CVarArg
dispatch thunk of Decoder.codingPath.getter
dispatch thunk of Decoder.unkeyedContainer()
dispatch thunk of Decoder.singleValueContainer()
dispatch thunk of Decoder.container<A>(keyedBy:)
dispatch thunk of Encoder.codingPath.getter
dispatch thunk of Encoder.unkeyedContainer()
dispatch thunk of Encoder.singleValueContainer()
dispatch thunk of Encoder.container<A>(keyedBy:)
protocol witness table for Float16
nominal type descriptor for Float16
type metadata for Float16
protocol conformance descriptor for Float16
enum case for Unicode.GeneralCategory.privateUse(_:)
enum case for Unicode.GeneralCategory.unassigned(_:)
enum case for Unicode.GeneralCategory.nonspacingMark(_:)
static Unicode.GeneralCategory.== infix(_:_:)
enum case for Unicode.GeneralCategory.format(_:)
enum case for Unicode.GeneralCategory.control(_:)
enum case for Unicode.GeneralCategory.surrogate(_:)
type metadata accessor for Unicode.GeneralCategory
protocol witness table for Unicode.GeneralCategory
type metadata for Unicode.UTF8
protocol conformance descriptor for Unicode.UTF8
Unicode.Scalar.Properties.isUppercase.getter
Unicode.Scalar.Properties.generalCategory.getter
Unicode.Scalar.Properties.isCased.getter
type metadata accessor for Unicode.Scalar.Properties
Unicode.Scalar.properties.getter
nominal type descriptor for Unicode.Scalar
type metadata for Unicode.Scalar
Duration.components.getter
static Duration.< infix(_:_:)
static Duration.seconds(_:)
type metadata accessor for Repeated
nominal type descriptor for Repeated
protocol conformance descriptor for Repeated<A>
protocol descriptor for CodingKey
dispatch thunk of CodingKey.stringValue.getter
method descriptor for CodingKey.stringValue.getter
method descriptor for CodingKey.init(stringValue:)
method descriptor for CodingKey.intValue.getter
method descriptor for CodingKey.init(intValue:)
base conformance descriptor for CodingKey: CustomStringConvertible
base conformance descriptor for CodingKey: CustomDebugStringConvertible
CodingKey.description.getter
CodingKey.debugDescription.getter
protocol descriptor for OptionSet
dispatch thunk of OptionSet.init(rawValue:)
method descriptor for OptionSet.init(rawValue:)
base conformance descriptor for OptionSet: RawRepresentable
base conformance descriptor for OptionSet: SetAlgebra
type metadata accessor for Unmanaged
nominal type descriptor for Unmanaged
_typeName(_:qualified:)
protocol conformance descriptor for <A> A?
protocol conformance descriptor for <A> A?
protocol conformance descriptor for <A> A?
type metadata for Swift.AnyObject
type metadata for Any
type metadata for ()
value witness table for ()
value witness table for ()
_CFBooleanGetTypeID
_CFGetTypeID
_CFNumberIsFloatType
_CGBitmapContextCreate
_CGBitmapContextCreateImage
_CGBitmapContextGetData
_CGColorSpaceCreateWithName
_CGContextSetInterpolationQuality
_CGImageGetHeight
_CGImageGetWidth
_MLModelCreatorDefinedKey
_MLModelDescriptionKey
_MTLCreateSystemDefaultDevice
_NSCocoaErrorDomain
_NSFilePosixPermissions
_NSFileSize
_NSHomeDirectory
_NSProgressThroughputKey
_NSURLFileSizeKey
_NSURLIsHiddenKey
_NSURLIsRegularFileKey
_NSURLIsSymbolicLinkKey
_OBJC_CLASS_$_ASWebAuthenticationSession
_OBJC_CLASS_$_CIContext
_OBJC_CLASS_$_CIImage
_OBJC_CLASS_$_MLFeatureDescription
_OBJC_CLASS_$_MLModel
_OBJC_CLASS_$_MLModelConfiguration
_OBJC_CLASS_$_MLMultiArray
_OBJC_CLASS_$_MPSGraph
_OBJC_CLASS_$_MPSGraphCompilationDescriptor
_OBJC_CLASS_$_MPSGraphDevice
_OBJC_CLASS_$_MPSGraphExecutableExecutionDescriptor
_OBJC_CLASS_$_MPSGraphShapedType
_OBJC_CLASS_$_MPSGraphTensor
_OBJC_CLASS_$_MPSGraphTensorData
_OBJC_CLASS_$_MPSNDArray
_OBJC_CLASS_$_MPSNDArrayDescriptor
_OBJC_CLASS_$_MPSNDArrayIdentity
_OBJC_CLASS_$_NSBundle
_OBJC_CLASS_$_NSByteCountFormatter
_OBJC_CLASS_$_NSCharacterSet
_OBJC_CLASS_$_NSDateFormatter
_OBJC_CLASS_$_NSFileHandle
_OBJC_CLASS_$_NSFileManager
_OBJC_CLASS_$_NSHTTPURLResponse
_OBJC_CLASS_$_NSISO8601DateFormatter
_OBJC_CLASS_$_NSInputStream
_OBJC_CLASS_$_NSJSONSerialization
_OBJC_CLASS_$_NSLock
_OBJC_CLASS_$_NSNull
_OBJC_CLASS_$_NSNumber
_OBJC_CLASS_$_NSObject
_OBJC_CLASS_$_NSProcessInfo
_OBJC_CLASS_$_NSProgress
_OBJC_CLASS_$_NSRegularExpression
_OBJC_CLASS_$_NSScanner
_OBJC_CLASS_$_NSString
_OBJC_CLASS_$_NSTextCheckingResult
_OBJC_CLASS_$_NSThread
_OBJC_CLASS_$_NSURLSession
_OBJC_CLASS_$_NSURLSessionConfiguration
_OBJC_CLASS_$_NSValue
_OBJC_CLASS_$_OS_dispatch_queue
_OBJC_CLASS_$_OS_os_log
_OBJC_CLASS_$_UIApplication
_OBJC_CLASS_$_UIDevice
_OBJC_CLASS_$_UIScene
_OBJC_CLASS_$_UIWindow
_OBJC_CLASS_$_UIWindowScene
_OBJC_CLASS_$__SwiftObject
_OBJC_METACLASS_$_NSObject
_OBJC_METACLASS_$__SwiftObject
_SecItemAdd
_SecItemCopyMatching
_SecItemDelete
_SecRandomCopyBytes
__Block_copy
__Block_release
__DefaultRuneLocale
__NSConcreteStackBlock
__Unwind_Resume
__ZNKSt13runtime_error4whatEv
__ZNKSt3__112basic_stringIcNS_11char_traitsIcEENS_9allocatorIcEEE4findEcm
__ZNKSt3__115basic_stringbufIcNS_11char_traitsIcEENS_9allocatorIcEEE3strEv
__ZNKSt3__119__shared_weak_count13__get_deleterERKSt9type_info
__ZNKSt3__16locale9use_facetERNS0_2idE
__ZNKSt3__18ios_base6getlocEv
__ZNKSt3__18time_putIcNS_19ostreambuf_iteratorIcNS_11char_traitsIcEEEEE3putES4_RNS_8ios_baseEcPK2tmPKcSC_
__ZNKSt9exception4whatEv
__ZNSt11logic_errorC2EPKc
__ZNSt11logic_errorC2ERKS_
__ZNSt12length_errorD1Ev
__ZNSt12out_of_rangeD1Ev
__ZNSt13exception_ptrC1ERKS_
__ZNSt13exception_ptrD1Ev
__ZNSt13runtime_errorC1EPKc
__ZNSt13runtime_errorC1ERKNSt3__112basic_stringIcNS0_11char_traitsIcEENS0_9allocatorIcEEEE
__ZNSt13runtime_errorC1ERKS_
__ZNSt13runtime_errorC2EPKc
__ZNSt13runtime_errorC2ERKNSt3__112basic_stringIcNS0_11char_traitsIcEENS0_9allocatorIcEEEE
__ZNSt13runtime_errorC2ERKS_
__ZNSt13runtime_errorD1Ev
__ZNSt13runtime_errorD2Ev
__ZNSt13runtime_erroraSERKS_
__ZNSt14overflow_errorD1Ev
__ZNSt19bad_optional_accessD1Ev
__ZNSt20bad_array_new_lengthC1Ev
__ZNSt20bad_array_new_lengthD1Ev
__ZNSt3__112__next_primeEm
__ZNSt3__112basic_stringIcNS_11char_traitsIcEENS_9allocatorIcEEE5eraseEmm
__ZNSt3__112basic_stringIcNS_11char_traitsIcEENS_9allocatorIcEEE6appendEPKc
__ZNSt3__112basic_stringIcNS_11char_traitsIcEENS_9allocatorIcEEE6appendEPKcm
__ZNSt3__112basic_stringIcNS_11char_traitsIcEENS_9allocatorIcEEE6appendEmc
__ZNSt3__112basic_stringIcNS_11char_traitsIcEENS_9allocatorIcEEE6assignEPKc
__ZNSt3__112basic_stringIcNS_11char_traitsIcEENS_9allocatorIcEEE6assignEmc
__ZNSt3__112basic_stringIcNS_11char_traitsIcEENS_9allocatorIcEEE6insertENS_11__wrap_iterIPKcEEc
__ZNSt3__112basic_stringIcNS_11char_traitsIcEENS_9allocatorIcEEE6insertEmPKc
__ZNSt3__112basic_stringIcNS_11char_traitsIcEENS_9allocatorIcEEE6insertEmPKcm
__ZNSt3__112basic_stringIcNS_11char_traitsIcEENS_9allocatorIcEEE6resizeEmc
__ZNSt3__112basic_stringIcNS_11char_traitsIcEENS_9allocatorIcEEE7replaceEmmPKcm
__ZNSt3__112basic_stringIcNS_11char_traitsIcEENS_9allocatorIcEEE7reserveEm
__ZNSt3__112basic_stringIcNS_11char_traitsIcEENS_9allocatorIcEEE9__grow_byEmmmmmm
__ZNSt3__112basic_stringIcNS_11char_traitsIcEENS_9allocatorIcEEE9push_backEc
__ZNSt3__112basic_stringIcNS_11char_traitsIcEENS_9allocatorIcEEEC2ERKS5_mmRKS4_
__ZNSt3__112basic_stringIcNS_11char_traitsIcEENS_9allocatorIcEEED1Ev
__ZNSt3__112basic_stringIcNS_11char_traitsIcEENS_9allocatorIcEEEaSERKS5_
__ZNSt3__112future_errorC1ENS_10error_codeE
__ZNSt3__112future_errorD1Ev
__ZNSt3__113basic_istreamIcNS_11char_traitsIcEEE6sentryC1ERS3_b
__ZNSt3__113basic_ostreamIcNS_11char_traitsIcEEE3putEc
__ZNSt3__113basic_ostreamIcNS_11char_traitsIcEEE5flushEv
__ZNSt3__113basic_ostreamIcNS_11char_traitsIcEEE6sentryC1ERS3_
__ZNSt3__113basic_ostreamIcNS_11char_traitsIcEEE6sentryD1Ev
__ZNSt3__113basic_ostreamIcNS_11char_traitsIcEEED2Ev
__ZNSt3__113basic_ostreamIcNS_11char_traitsIcEEElsEb
__ZNSt3__113basic_ostreamIcNS_11char_traitsIcEEElsEd
__ZNSt3__113basic_ostreamIcNS_11char_traitsIcEEElsEi
__ZNSt3__113basic_ostreamIcNS_11char_traitsIcEEElsEj
__ZNSt3__113basic_ostreamIcNS_11char_traitsIcEEElsEl
__ZNSt3__113basic_ostreamIcNS_11char_traitsIcEEElsEm
__ZNSt3__113basic_ostreamIcNS_11char_traitsIcEEElsEx
__ZNSt3__114__shared_countD2Ev
__ZNSt3__114basic_iostreamIcNS_11char_traitsIcEEED2Ev
__ZNSt3__115__thread_structC1Ev
__ZNSt3__115__thread_structD1Ev
__ZNSt3__115future_categoryEv
__ZNSt3__117__assoc_sub_state10__sub_waitERNS_11unique_lockINS_5mutexEEE
__ZNSt3__117__assoc_sub_state13set_exceptionESt13exception_ptr
__ZNSt3__117__assoc_sub_state9__executeEv
__ZNSt3__118condition_variable10notify_allEv
__ZNSt3__118condition_variable10notify_oneEv
__ZNSt3__118condition_variable15__do_timed_waitERNS_11unique_lockINS_5mutexEEENS_6chrono10time_pointINS5_12system_clockENS5_8durationIxNS_5ratioILl1ELl1000000000EEEEEEE
__ZNSt3__118condition_variable4waitERNS_11unique_lockINS_5mutexEEE
__ZNSt3__118condition_variableD1Ev
__ZNSt3__119__shared_mutex_base11lock_sharedEv
__ZNSt3__119__shared_mutex_base13unlock_sharedEv
__ZNSt3__119__shared_mutex_base4lockEv
__ZNSt3__119__shared_mutex_base6unlockEv
__ZNSt3__119__shared_mutex_baseC1Ev
__ZNSt3__119__shared_weak_count14__release_weakEv
__ZNSt3__119__shared_weak_countD2Ev
__ZNSt3__119__thread_local_dataEv
__ZNSt3__120__throw_system_errorEiPKc
__ZNSt3__14cerrE
__ZNSt3__14stodERKNS_12basic_stringIcNS_11char_traitsIcEENS_9allocatorIcEEEEPm
__ZNSt3__15ctypeIcE2idE
__ZNSt3__15mutex4lockEv
__ZNSt3__15mutex6unlockEv
__ZNSt3__15mutexD1Ev
__ZNSt3__15stollERKNS_12basic_stringIcNS_11char_traitsIcEENS_9allocatorIcEEEEPmi
__ZNSt3__16__sortIRNS_6__lessIiiEEPiEEvT0_S5_T_
__ZNSt3__16chrono12steady_clock3nowEv
__ZNSt3__16chrono12system_clock3nowEv
__ZNSt3__16localeC1Ev
__ZNSt3__16localeD1Ev
__ZNSt3__16thread4joinEv
__ZNSt3__16threadD1Ev
__ZNSt3__18ios_base33__set_badbit_and_consider_rethrowEv
__ZNSt3__18ios_base4initEPv
__ZNSt3__18ios_base5clearEj
__ZNSt3__18time_putIcNS_19ostreambuf_iteratorIcNS_11char_traitsIcEEEEE2idE
__ZNSt3__19basic_iosIcNS_11char_traitsIcEEED2Ev
__ZNSt3__19to_stringEi
__ZNSt3__19to_stringEm
__ZNSt3__19to_stringEx
__ZNSt3__1plIcNS_11char_traitsIcEENS_9allocatorIcEEEENS_12basic_stringIT_T0_T1_EEPKS6_RKS9_
__ZNSt8bad_castC2Ev
__ZNSt8bad_castD2Ev
__ZNSt9exceptionD2Ev
__ZSt17current_exceptionv
__ZSt17rethrow_exceptionSt13exception_ptr
__ZSt9terminatev
__ZTINSt3__112future_errorE
__ZTINSt3__117__assoc_sub_stateE
__ZTINSt3__119__shared_weak_countE
__ZTIPKc
__ZTISt12bad_any_cast
__ZTISt12length_error
__ZTISt12out_of_range
__ZTISt13runtime_error
__ZTISt14overflow_error
__ZTISt18bad_variant_access
__ZTISt19bad_optional_access
__ZTISt20bad_array_new_length
__ZTISt9exception
__ZTIb
__ZTIi
__ZTIx
__ZTTNSt3__118basic_stringstreamIcNS_11char_traitsIcEENS_9allocatorIcEEEE
__ZTTNSt3__119basic_ostringstreamIcNS_11char_traitsIcEENS_9allocatorIcEEEE
__ZTVN10__cxxabiv117__class_type_infoE
__ZTVN10__cxxabiv120__si_class_type_infoE
__ZTVN10__cxxabiv121__vmi_class_type_infoE
__ZTVNSt3__112future_errorE
__ZTVNSt3__115basic_streambufIcNS_11char_traitsIcEEEE
__ZTVNSt3__115basic_stringbufIcNS_11char_traitsIcEENS_9allocatorIcEEEE
__ZTVNSt3__117__assoc_sub_stateE
__ZTVNSt3__118basic_stringstreamIcNS_11char_traitsIcEENS_9allocatorIcEEEE
__ZTVNSt3__119basic_ostringstreamIcNS_11char_traitsIcEENS_9allocatorIcEEEE
__ZTVSt12bad_any_cast
__ZTVSt12length_error
__ZTVSt12out_of_range
__ZTVSt14overflow_error
__ZTVSt18bad_variant_access
__ZTVSt19bad_optional_access
__ZdlPv
__Znwm
___chkstk_darwin
___cxa_allocate_exception
___cxa_atexit
___cxa_begin_catch
___cxa_end_catch
___cxa_free_exception
___cxa_guard_abort
___cxa_guard_acquire
___cxa_guard_release
___cxa_rethrow
___cxa_throw
___error
___exp10
___gxx_personality_v0
___maskrune
___stack_chk_fail
___stack_chk_guard
__availability_version_check
__objc_autoreleasePoolPop
__objc_autoreleasePoolPush
__objc_empty_cache
__os_log_impl
__swiftEmptyArrayStorage
__swiftEmptyDictionarySingleton
__swiftEmptySetSingleton
__swiftImmortalRefCount
__swift_FORCE_LOAD_$_swiftAccelerate
__swift_FORCE_LOAD_$_swiftCoreAudio
__swift_FORCE_LOAD_$_swiftCoreFoundation
__swift_FORCE_LOAD_$_swiftCoreImage
__swift_FORCE_LOAD_$_swiftCoreLocation
__swift_FORCE_LOAD_$_swiftDispatch
__swift_FORCE_LOAD_$_swiftFoundation
__swift_FORCE_LOAD_$_swiftMetal
__swift_FORCE_LOAD_$_swiftOSLog
__swift_FORCE_LOAD_$_swiftObjectiveC
__swift_FORCE_LOAD_$_swiftQuartzCore
__swift_FORCE_LOAD_$_swiftSpatial
__swift_FORCE_LOAD_$_swiftUIKit
__swift_FORCE_LOAD_$_swiftUniformTypeIdentifiers
__swift_FORCE_LOAD_$_swiftXPC
__swift_FORCE_LOAD_$_swift_Builtin_float
__swift_FORCE_LOAD_$_swiftos
__swift_FORCE_LOAD_$_swiftsimd
__swift_stdlib_operatingSystemVersion
__swift_stdlib_reportUnimplementedInitializer
__swift_stdlib_strtod_clocale
__tlv_atexit
__tlv_bootstrap
_abort
_bzero
_close
_dispatch_once_f
_dispatch_semaphore_create
_dlsym
_dup
_exit
_exp
_expf
_fchmod
_fclose
_fflush
_flock
_fmod
_fnmatch
_fopen
_fread
_free
_freeaddrinfo
_freeifaddrs
_fseek
_ftell
_gai_strerror
_getaddrinfo
_getenv
_getifaddrs
_gettimeofday
_if_nametoindex
_inet_ntop
_inet_pton
_kCGColorSpaceSRGB
_kSecAttrAccessible
_kSecAttrAccessibleAfterFirstUnlock
_kSecAttrAccount
_kSecAttrService
_kSecClass
_kSecClassGenericPassword
_kSecMatchLimit
_kSecMatchLimitOne
_kSecRandomDefault
_kSecReturnData
_kSecValueData
_localeconv
_localtime
_log
_log2
_logf
_lseek
_mach_absolute_time
_mach_task_self_
_mach_timebase_info
_malloc
_malloc_size
_memchr
_memcmp
_memcpy
_memmove
_memset
_modf
_objc_allocWithZone
_objc_autorelease
_objc_autoreleaseReturnValue
_objc_getAssociatedObject
_objc_msgSend
_objc_msgSendSuper2
_objc_opt_self
_objc_release
_objc_release_x1
_objc_release_x10
_objc_release_x19
_objc_release_x20
_objc_release_x21
_objc_release_x22
_objc_release_x23
_objc_release_x24
_objc_release_x25
_objc_release_x26
_objc_release_x27
_objc_release_x28
_objc_release_x8
_objc_retain
_objc_retainAutorelease
_objc_retainAutoreleasedReturnValue
_objc_retain_x1
_objc_retain_x10
_objc_retain_x19
_objc_retain_x2
_objc_retain_x20
_objc_retain_x21
_objc_retain_x22
_objc_retain_x23
_objc_retain_x24
_objc_retain_x25
_objc_retain_x26
_objc_retain_x27
_objc_retain_x28
_objc_retain_x8
_objc_retain_x9
_objc_setAssociatedObject
_objc_sync_enter
_objc_sync_exit
_object_getClass
_os_log_type_enabled
_os_proc_available_memory
_os_release
_os_unfair_lock_lock
_os_unfair_lock_unlock
_pow
_pthread_cond_broadcast
_pthread_cond_destroy
_pthread_cond_init
_pthread_cond_signal
_pthread_cond_timedwait
_pthread_cond_wait
_pthread_create
_pthread_getspecific
_pthread_mutex_destroy
_pthread_mutex_init
_pthread_mutex_lock
_pthread_mutex_unlock
_pthread_mutexattr_destroy
_pthread_mutexattr_init
_pthread_setspecific
_pthread_yield_np
_realloc
_rewind
_snprintf
_sscanf
_strcmp
_strdup
_strerror
_strlen
_strncmp
_strnlen
_strtod
_strtoimax
_swift_allocBox
_swift_allocError
_swift_allocObject
_swift_allocateGenericClassMetadata
_swift_allocateGenericValueMetadata
_swift_arrayDestroy
_swift_arrayInitWithCopy
_swift_arrayInitWithTakeBackToFront
_swift_arrayInitWithTakeFrontToBack
_swift_asyncLet_begin
_swift_asyncLet_finish
_swift_asyncLet_get
_swift_asyncLet_get_throwing
_swift_beginAccess
_swift_bridgeObjectRelease
_swift_bridgeObjectRelease_n
_swift_bridgeObjectRetain
_swift_bridgeObjectRetain_n
_swift_bufferAllocate
_swift_checkMetadataState
_swift_conformsToProtocol
_swift_continuation_await
_swift_continuation_init
_swift_continuation_throwingResume
_swift_continuation_throwingResumeWithError
_swift_coroFrameAlloc
_swift_deallocClassInstance
_swift_deallocObject
_swift_deallocPartialClassInstance
_swift_deallocUninitializedObject
_swift_defaultActor_deallocate
_swift_defaultActor_destroy
_swift_defaultActor_initialize
_swift_deletedAsyncMethodErrorTu
_swift_deletedMethodError
_swift_dynamicCast
_swift_dynamicCastClass
_swift_dynamicCastClassUnconditional
_swift_dynamicCastObjCClass
_swift_endAccess
_swift_errorRelease
_swift_errorRetain
_swift_getAssociatedConformanceWitness
_swift_getAssociatedTypeWitness
_swift_getAtKeyPath
_swift_getDynamicType
_swift_getEnumCaseMultiPayload
_swift_getEnumTagSinglePayloadGeneric
_swift_getErrorValue
_swift_getExistentialTypeMetadata
_swift_getExtendedExistentialTypeMetadata
_swift_getFixedArrayTypeMetadata
_swift_getForeignTypeMetadata
_swift_getFunctionTypeMetadata0
_swift_getFunctionTypeMetadata1
_swift_getGenericMetadata
_swift_getKeyPath
_swift_getObjCClassFromMetadata
_swift_getObjCClassMetadata
_swift_getObjectType
_swift_getOpaqueTypeConformance2
_swift_getSingletonMetadata
_swift_getTupleTypeLayout
_swift_getTupleTypeLayout2
_swift_getTupleTypeLayout3
_swift_getTupleTypeMetadata
_swift_getTupleTypeMetadata2
_swift_getTupleTypeMetadata3
_swift_getTypeByMangledNameInContext
_swift_getTypeByMangledNameInContext2
_swift_getTypeByMangledNameInContextInMetadataState
_swift_getTypeByMangledNameInContextInMetadataState2
_swift_getWitnessTable
_swift_initClassMetadata2
_swift_initEnumMetadataMultiPayload
_swift_initEnumMetadataSinglePayload
_swift_initStackObject
_swift_initStaticObject
_swift_initStructMetadata
_swift_isEscapingClosureAtFileLocation
_swift_isUniquelyReferenced_native
_swift_isUniquelyReferenced_nonNull_bridgeObject
_swift_isUniquelyReferenced_nonNull_native
_swift_job_run
_swift_makeBoxUnique
_swift_once
_swift_projectBox
_swift_release
_swift_release_n
_swift_release_x1
_swift_release_x10
_swift_release_x19
_swift_release_x20
_swift_release_x21
_swift_release_x22
_swift_release_x23
_swift_release_x24
_swift_release_x25
_swift_release_x26
_swift_release_x27
_swift_release_x28
_swift_release_x8
_swift_release_x9
_swift_retain
_swift_retain_n
_swift_retain_x1
_swift_retain_x10
_swift_retain_x19
_swift_retain_x2
_swift_retain_x20
_swift_retain_x21
_swift_retain_x22
_swift_retain_x23
_swift_retain_x24
_swift_retain_x25
_swift_retain_x26
_swift_retain_x27
_swift_retain_x28
_swift_retain_x8
_swift_retain_x9
_swift_runtimeSupportsNoncopyableTypes
_swift_setDeallocating
_swift_slowAlloc
_swift_slowDealloc
_swift_stdlib_random
_swift_storeEnumTagMultiPayload
_swift_storeEnumTagSinglePayloadGeneric
_swift_taskGroup_destroy
_swift_taskGroup_initialize
_swift_taskGroup_wait_next_throwing
_swift_task_addCancellationHandler
_swift_task_alloc
_swift_task_create
_swift_task_dealloc
_swift_task_future_wait_throwing
_swift_task_isCurrentExecutor
_swift_task_removeCancellationHandler
_swift_task_reportUnexpectedExecutor
_swift_task_switch
_swift_unexpectedError
_swift_unknownObjectRelease
_swift_unknownObjectRelease_n
_swift_unknownObjectRetain
_swift_unknownObjectRetain_n
_swift_updateClassMetadata2
_swift_weakAssign
_swift_weakDestroy
_swift_weakInit
_swift_weakLoadStrong
_swift_willThrow
_swift_willThrowTypedImpl
_sysconf
_sysctlbyname
_task_info
_time
_vDSP_maxv
_vDSP_maxvi
_vDSP_sve
_vDSP_vfill
_vDSP_vfltu8
_vDSP_vsadd
_vDSP_vsdiv
_vDSP_vsmsa
_vDSP_vsmul
_vImageConvert_Planar16FtoPlanarF
_voucher_adopt
_vvexpf
_wmemchr
[compact undefined symbols]
Foundation.URLRequest.httpMethod.setter : Swift.String?
Foundation.URLRequest.cachePolicy.setter : __C.NSURLRequestCachePolicy
Foundation.URLRequest._bridgeToObjectiveC() -> __C.NSURLRequest
Foundation.URLRequest.allHTTPHeaderFields.getter : [Swift.String : Swift.String]?
static Foundation.URLRequest._unconditionallyBridgeFromObjectiveC(__C.NSURLRequest?) -> Foundation.URLRequest
Foundation.URLRequest.init(url: Foundation.URL, cachePolicy: __C.NSURLRequestCachePolicy, timeoutInterval: Swift.Double) -> Foundation.URLRequest
Foundation.URLRequest.url.getter : Foundation.URL?
Foundation.URLRequest.addValue(_: Swift.String, forHTTPHeaderField: Swift.String) -> ()
Foundation.URLRequest.httpBody.setter : Foundation.Data?
Foundation.URLRequest.setValue(_: Swift.String?, forHTTPHeaderField: Swift.String) -> ()
type metadata accessor for Foundation.URLRequest
nominal type descriptor for Foundation.URLRequest
enum case for Foundation.JSONDecoder.KeyDecodingStrategy.convertFromSnakeCase(Foundation.JSONDecoder.KeyDecodingStrategy.Type) -> Foundation.JSONDecoder.KeyDecodingStrategy
type metadata accessor for Foundation.JSONDecoder.KeyDecodingStrategy
dispatch thunk of Foundation.JSONDecoder.keyDecodingStrategy.setter : Foundation.JSONDecoder.KeyDecodingStrategy
enum case for Foundation.JSONDecoder.DateDecodingStrategy.custom(Foundation.JSONDecoder.DateDecodingStrategy.Type) -> ((Swift.Decoder) throws -> Foundation.Date) -> Foundation.JSONDecoder.DateDecodingStrategy
type metadata accessor for Foundation.JSONDecoder.DateDecodingStrategy
dispatch thunk of Foundation.JSONDecoder.dateDecodingStrategy.setter : Foundation.JSONDecoder.DateDecodingStrategy
dispatch thunk of Foundation.JSONDecoder.decode<A where A: Swift.Decodable>(_: A.Type, from: Foundation.Data) throws -> A
Foundation.JSONDecoder.init() -> Foundation.JSONDecoder
type metadata accessor for Foundation.JSONDecoder
nominal type descriptor for Foundation.JSONDecoder
static Foundation.JSONEncoder.OutputFormatting.sortedKeys.getter : Foundation.JSONEncoder.OutputFormatting
static Foundation.JSONEncoder.OutputFormatting.prettyPrinted.getter : Foundation.JSONEncoder.OutputFormatting
type metadata accessor for Foundation.JSONEncoder.OutputFormatting
nominal type descriptor for Foundation.JSONEncoder.OutputFormatting
protocol conformance descriptor for Foundation.JSONEncoder.OutputFormatting : Swift.RawRepresentable in Foundation
protocol conformance descriptor for Foundation.JSONEncoder.OutputFormatting : Swift.SetAlgebra in Foundation
protocol conformance descriptor for Foundation.JSONEncoder.OutputFormatting : Swift.OptionSet in Foundation
dispatch thunk of Foundation.JSONEncoder.outputFormatting.modify : Foundation.JSONEncoder.OutputFormatting
dispatch thunk of Foundation.JSONEncoder.outputFormatting.setter : Foundation.JSONEncoder.OutputFormatting
dispatch thunk of Foundation.JSONEncoder.encode<A where A: Swift.Encodable>(A) throws -> Foundation.Data
Foundation.JSONEncoder.init() -> Foundation.JSONEncoder
type metadata accessor for Foundation.JSONEncoder
static Foundation.CharacterSet.whitespaces.getter : Foundation.CharacterSet
Foundation.CharacterSet.init(charactersIn: __shared Swift.String) -> Foundation.CharacterSet
static Foundation.CharacterSet.alphanumerics.getter : Foundation.CharacterSet
static Foundation.CharacterSet.urlQueryAllowed.getter : Foundation.CharacterSet
static Foundation.CharacterSet.uppercaseLetters.getter : Foundation.CharacterSet
static Foundation.CharacterSet.whitespacesAndNewlines.getter : Foundation.CharacterSet
static Foundation.CharacterSet._unconditionallyBridgeFromObjectiveC(__C.NSCharacterSet?) -> Foundation.CharacterSet
Foundation.CharacterSet.union(Foundation.CharacterSet) -> Foundation.CharacterSet
Foundation.CharacterSet.contains(Swift.Unicode.Scalar) -> Swift.Bool
static Foundation.CharacterSet.newlines.getter : Foundation.CharacterSet
type metadata accessor for Foundation.CharacterSet
nominal type descriptor for Foundation.CharacterSet
Foundation.URLQueryItem.init(name: __shared Swift.String, value: __shared Swift.String?) -> Foundation.URLQueryItem
Foundation.URLQueryItem.name.getter : Swift.String
Foundation.URLQueryItem.value.getter : Swift.String?
type metadata accessor for Foundation.URLQueryItem
nominal type descriptor for Foundation.URLQueryItem
Foundation.URLComponents.queryItems.getter : [Foundation.URLQueryItem]?
Foundation.URLComponents.queryItems.setter : [Foundation.URLQueryItem]?
Foundation.URLComponents.percentEncodedQuery.getter : Swift.String?
Foundation.URLComponents.init(url: __shared Foundation.URL, resolvingAgainstBaseURL: Swift.Bool) -> Foundation.URLComponents?
Foundation.URLComponents.url.getter : Foundation.URL?
Foundation.URLComponents.host.getter : Swift.String?
Foundation.URLComponents.path.setter : Swift.String
Foundation.URLComponents.query.setter : Swift.String?
Foundation.URLComponents.init(string: __shared Swift.String) -> Foundation.URLComponents?
Foundation.URLComponents.init() -> Foundation.URLComponents
type metadata accessor for Foundation.URLComponents
nominal type descriptor for Foundation.URLComponents
Foundation.__DataStorage.init(bytes: Swift.UnsafeMutableRawPointer?, length: Swift.Int, copy: Swift.Bool, deallocator: ((Swift.UnsafeMutableRawPointer, Swift.Int) -> ())?, offset: Swift.Int) -> Foundation.__DataStorage
Foundation.__DataStorage.init(bytes: Swift.UnsafeRawPointer?, length: Swift.Int) -> Foundation.__DataStorage
Foundation.__DataStorage._bytes.getter : Swift.UnsafeMutableRawPointer?
Foundation.__DataStorage.init(length: Swift.Int) -> Foundation.__DataStorage
Foundation.__DataStorage._length.getter : Swift.Int
Foundation.__DataStorage._offset.getter : Swift.Int
Foundation.__DataStorage.init(capacity: Swift.Int) -> Foundation.__DataStorage
type metadata accessor for Foundation.__DataStorage
protocol descriptor for Foundation.LocalizedError
method descriptor for Foundation.LocalizedError.helpAnchor.getter : Swift.String?
method descriptor for Foundation.LocalizedError.failureReason.getter : Swift.String?
dispatch thunk of Foundation.LocalizedError.errorDescription.getter : Swift.String?
method descriptor for Foundation.LocalizedError.errorDescription.getter : Swift.String?
method descriptor for Foundation.LocalizedError.recoverySuggestion.getter : Swift.String?
(extension in Foundation):Foundation.LocalizedError.helpAnchor.getter : Swift.String?
(extension in Foundation):Foundation.LocalizedError.failureReason.getter : Swift.String?
(extension in Foundation):Foundation.LocalizedError.errorDescription.getter : Swift.String?
(extension in Foundation):Foundation.LocalizedError.recoverySuggestion.getter : Swift.String?
base conformance descriptor for Foundation.LocalizedError: Swift.Error
protocol descriptor for Foundation.ContiguousBytes
dispatch thunk of Foundation.ContiguousBytes.withUnsafeBytes<A>((Swift.UnsafeRawBufferPointer) throws -> A1) throws -> A1
Foundation.URLResourceValues.isRegularFile.getter : Swift.Bool?
Foundation.URLResourceValues.isSymbolicLink.getter : Swift.Bool?
Foundation.URLResourceValues.fileSize.getter : Swift.Int?
Foundation.URLResourceValues.isHidden.getter : Swift.Bool?
type metadata accessor for Foundation.URLResourceValues
nominal type descriptor for Foundation.URLResourceValues
Foundation._AsyncBytesBuffer.reloadBufferAndNext() async throws -> Swift.UInt8?
async function pointer to Foundation._AsyncBytesBuffer.reloadBufferAndNext() async throws -> Swift.UInt8?
(extension in Foundation):Foundation._BridgedStoredNSError.code.getter : A.Code
Foundation._convertErrorToNSError(Swift.Error) -> __C.NSError
Foundation._convertNSErrorToError(__C.NSError?) -> Swift.Error
Foundation.NSFastEnumerationIterator.next() -> Any?
type metadata accessor for Foundation.NSFastEnumerationIterator
Foundation.URL.standardizedFileURL.getter : Foundation.URL
Foundation.URL.isFileURL.getter : Swift.Bool
Foundation.URL.absoluteURL.getter : Foundation.URL
Foundation.URL.standardized.getter : Foundation.URL
enum case for Foundation.URL.DirectoryHint.isDirectory(Foundation.URL.DirectoryHint.Type) -> Foundation.URL.DirectoryHint
enum case for Foundation.URL.DirectoryHint.inferFromPath(Foundation.URL.DirectoryHint.Type) -> Foundation.URL.DirectoryHint
type metadata accessor for Foundation.URL.DirectoryHint
Foundation.URL.pathExtension.getter : Swift.String
Foundation.URL.absoluteString.getter : Swift.String
Foundation.URL.pathComponents.getter : [Swift.String]
Foundation.URL.relativeString.getter : Swift.String
Foundation.URL.resourceValues(forKeys: Swift.Set<__C.NSURLResourceKey>) throws -> Foundation.URLResourceValues
static Foundation.URL.cachesDirectory.getter : Foundation.URL
Foundation.URL.init(fileURLWithPath: __shared Swift.String, isDirectory: Swift.Bool) -> Foundation.URL
Foundation.URL.init(fileURLWithPath: __shared Swift.String) -> Foundation.URL
Foundation.URL.hasDirectoryPath.getter : Swift.Bool
Foundation.URL.lastPathComponent.getter : Swift.String
Foundation.URL._bridgeToObjectiveC() -> __C.NSURL
Foundation.URL.deletingPathExtension() -> Foundation.URL
Foundation.URL.appendingPathComponent(Swift.String) -> Foundation.URL
Foundation.URL.appendingPathExtension(Swift.String) -> Foundation.URL
Foundation.URL.resolvingSymlinksInPath() -> Foundation.URL
Foundation.URL.deletingLastPathComponent() -> Foundation.URL
static Foundation.URL.== infix(Foundation.URL, Foundation.URL) -> Swift.Bool
static Foundation.URL._unconditionallyBridgeFromObjectiveC(__C.NSURL?) -> Foundation.URL
Foundation.URL.host.getter : Swift.String?
Foundation.URL.path(percentEncoded: Swift.Bool) -> Swift.String
Foundation.URL.path.getter : Swift.String
Foundation.URL.query.getter : Swift.String?
Foundation.URL.scheme.getter : Swift.String?
Foundation.URL.init(string: __shared Swift.String, relativeTo: __shared Foundation.URL?) -> Foundation.URL?
Foundation.URL.init(string: __shared Swift.String) -> Foundation.URL?
Foundation.URL.appending<A where A: Swift.StringProtocol>(path: A, directoryHint: Foundation.URL.DirectoryHint) -> Foundation.URL
Foundation.URL.appending<A where A: Swift.StringProtocol>(component: A, directoryHint: Foundation.URL.DirectoryHint) -> Foundation.URL
type metadata accessor for Foundation.URL
nominal type descriptor for Foundation.URL
protocol conformance descriptor for Foundation.URL : Swift.Encodable in Foundation
protocol conformance descriptor for Foundation.URL : Swift.Hashable in Foundation
protocol conformance descriptor for Foundation.URL : Swift.Equatable in Foundation
protocol conformance descriptor for Foundation.URL : Swift.Decodable in Foundation
protocol conformance descriptor for Foundation.URL : Swift.CustomStringConvertible in Foundation
Foundation.Data.LargeSlice.ensureUniqueReference() -> ()
Foundation.Data.init(contentsOf: __shared Foundation.URL, options: __C.NSDataReadingOptions) throws -> Foundation.Data
Foundation.Data._copyContents(initializing: Swift.UnsafeMutableBufferPointer<Swift.UInt8>) -> (Foundation.Data.Iterator, Swift.Int)
Foundation.Data.init(base64Encoded: __shared Swift.String, options: __C.NSDataBase64DecodingOptions) -> Foundation.Data?
type metadata accessor for Foundation.Data.RangeReference
Foundation.Data._Representation.replaceSubrange(_: Swift.Range<Swift.Int>, with: Swift.UnsafeRawPointer?, count: Swift.Int) -> ()
Foundation.Data._Representation.append(contentsOf: Swift.UnsafeRawBufferPointer) -> ()
type metadata for Foundation.Data._Representation
Foundation.Data._bridgeToObjectiveC() -> __C.NSData
Foundation.Data.base64EncodedString(options: __C.NSDataBase64EncodingOptions) -> Swift.String
static Foundation.Data._unconditionallyBridgeFromObjectiveC(__C.NSData?) -> Foundation.Data
Foundation.Data.hash(into: inout Swift.Hasher) -> ()
Foundation.Data.write(to: Foundation.URL, options: __C.NSDataWritingOptions) throws -> ()
Foundation.Data.append(Foundation.Data) -> ()
Foundation.Data.subdata(in: Swift.Range<Swift.Int>) -> Foundation.Data
type metadata accessor for Foundation.Data.Iterator
protocol conformance descriptor for Foundation.Data : Foundation.DataProtocol in Foundation
nominal type descriptor for Foundation.Data
type metadata for Foundation.Data
static Foundation.Date.distantFuture.getter : Foundation.Date
Foundation.Date.timeIntervalSince(Foundation.Date) -> Swift.Double
Foundation.Date.addingTimeInterval(Swift.Double) -> Foundation.Date
Foundation.Date._bridgeToObjectiveC() -> __C.NSDate
static Foundation.Date.< infix(Foundation.Date, Foundation.Date) -> Swift.Bool
Foundation.Date.init(timeIntervalSince1970: Swift.Double) -> Foundation.Date
Foundation.Date.timeIntervalSince1970.getter : Swift.Double
static Foundation.Date.== infix(Foundation.Date, Foundation.Date) -> Swift.Bool
static Foundation.Date._unconditionallyBridgeFromObjectiveC(__C.NSDate?) -> Foundation.Date
Foundation.Date.init() -> Foundation.Date
type metadata accessor for Foundation.Date
nominal type descriptor for Foundation.Date
protocol conformance descriptor for Foundation.Date : Swift.Encodable in Foundation
protocol conformance descriptor for Foundation.Date : Swift.Hashable in Foundation
protocol conformance descriptor for Foundation.Date : Swift.Comparable in Foundation
protocol conformance descriptor for Foundation.Date : Swift.Equatable in Foundation
protocol conformance descriptor for Foundation.Date : Swift.Decodable in Foundation
Foundation.UUID.uuidString.getter : Swift.String
Foundation.UUID.init() -> Foundation.UUID
type metadata accessor for Foundation.UUID
Foundation.Locale.init(identifier: Swift.String) -> Foundation.Locale
Foundation.Locale._bridgeToObjectiveC() -> __C.NSLocale
static Foundation.Locale.current.getter : Foundation.Locale
type metadata accessor for Foundation.Locale
nominal type descriptor for Foundation.Locale
static Foundation.URLError.Code.resourceUnavailable.getter : Foundation.URLError.Code
static Foundation.URLError.Code.networkConnectionLost.getter : Foundation.URLError.Code
static Foundation.URLError.Code.notConnectedToInternet.getter : Foundation.URLError.Code
type metadata accessor for Foundation.URLError.Code
protocol conformance descriptor for Foundation.URLError.Code : Swift.Equatable in Foundation
protocol conformance descriptor for Foundation.URLError : Foundation._BridgedStoredNSError in Foundation
type metadata accessor for Foundation.URLError
nominal type descriptor for Foundation.URLError
protocol conformance descriptor for Foundation.URLError : Swift.Error in Foundation
nominal type descriptor for ObjectiveC.ObjCBool
CoreAIAsset.AIModelAsset.init(contentsOf: Foundation.URL) throws -> CoreAIAsset.AIModelAsset
CoreAIAsset.AIModelAsset.FunctionDescriptor.name.getter : Swift.String
type metadata accessor for CoreAIAsset.AIModelAsset.FunctionDescriptor
CoreAIAsset.AIModelAsset.Summary.functions.getter : [CoreAIAsset.AIModelAsset.FunctionDescriptor]
type metadata accessor for CoreAIAsset.AIModelAsset.Summary
nominal type descriptor for CoreAIAsset.AIModelAsset.Summary
CoreAIAsset.AIModelAsset.summary(includingStatistics: Swift.Bool) throws -> CoreAIAsset.AIModelAsset.Summary?
type metadata accessor for CoreAIAsset.AIModelAsset
Observation.ObservationRegistrar.withMutation<A, B, C where A: Observation.Observable>(of: A, keyPath: Swift.KeyPath<A, B>, _: () throws -> C) throws -> C
Observation.ObservationRegistrar.access<A, B where A: Observation.Observable>(_: A, keyPath: Swift.KeyPath<A, B>) -> ()
Observation.ObservationRegistrar.didSet<A, B where A: Observation.Observable>(_: A, keyPath: Swift.KeyPath<A, B>) -> ()
Observation.ObservationRegistrar.willSet<A, B where A: Observation.Observable>(_: A, keyPath: Swift.KeyPath<A, B>) -> ()
Observation.ObservationRegistrar.init() -> Observation.ObservationRegistrar
type metadata accessor for Observation.ObservationRegistrar
nominal type descriptor for Observation.ObservationRegistrar
protocol descriptor for Observation.Observable
associated type descriptor for Swift.Collection.SubSequence
nominal type descriptor for CoreGraphics.CGFloat
static RegexBuilder.RegexComponentBuilder.buildExpression<A where A: _StringProcessing.RegexComponent>(A) -> A
static RegexBuilder.RegexComponentBuilder.buildPartialBlock<A where A: _StringProcessing.RegexComponent>(first: A) -> _StringProcessing.Regex<A.RegexOutput>
nominal type descriptor for RegexBuilder.Optionally
RegexBuilder.Optionally.init(_StringProcessing.Regex<A>) -> RegexBuilder.Optionally<A>
protocol conformance descriptor for RegexBuilder.Optionally<A> : _StringProcessing.RegexComponent in RegexBuilder
nominal type descriptor for RegexBuilder.ZeroOrMore
RegexBuilder.ZeroOrMore.init(_StringProcessing.Regex<A>) -> RegexBuilder.ZeroOrMore<A>
protocol conformance descriptor for RegexBuilder.ZeroOrMore<A> : _StringProcessing.RegexComponent in RegexBuilder
RegexBuilder.makeFactory() -> _StringProcessing._RegexFactory
protocol conformance descriptor for RegexBuilder.CharacterClass : _StringProcessing.RegexComponent in RegexBuilder
RegexBuilder.CharacterClass.inverted.getter : RegexBuilder.CharacterClass
type metadata accessor for RegexBuilder.CharacterClass
nominal type descriptor for RegexBuilder.Capture
RegexBuilder.Capture.init(_StringProcessing.Regex<A>) -> RegexBuilder.Capture<A>
protocol conformance descriptor for RegexBuilder.Capture<A> : _StringProcessing.RegexComponent in RegexBuilder
nominal type descriptor for RegexBuilder.OneOrMore
RegexBuilder.OneOrMore.init(_StringProcessing.Regex<A>) -> RegexBuilder.OneOrMore<A>
protocol conformance descriptor for RegexBuilder.OneOrMore<A> : _StringProcessing.RegexComponent in RegexBuilder
associated type descriptor for Swift.AsyncSequence.AsyncIterator
associated type descriptor for FoundationModels.LanguageModelExecutor.Configuration
CoreAIRuntime.ComputeStream.init(commandQueue: __C.MTLCommandQueue) -> CoreAIRuntime.ComputeStream
CoreAIRuntime.ComputeStream.currentWorkCompleted() async -> ()
async function pointer to CoreAIRuntime.ComputeStream.currentWorkCompleted() async -> ()
type metadata accessor for CoreAIRuntime.ComputeStream
nominal type descriptor for CoreAIRuntime.ComputeStream
enum case for CoreAIRuntime.InferenceValue.Descriptor.ndArray(CoreAIRuntime.InferenceValue.Descriptor.Type) -> (CoreAIRuntime.NDArrayDescriptor) -> CoreAIRuntime.InferenceValue.Descriptor
type metadata accessor for CoreAIRuntime.InferenceValue.Descriptor
nominal type descriptor for CoreAIRuntime.InferenceValue.Descriptor
CoreAIRuntime.InferenceValue.ndArray.getter : CoreAIRuntime.NDArray?
type metadata accessor for CoreAIRuntime.InferenceValue
nominal type descriptor for CoreAIRuntime.InferenceValue
CoreAIRuntime.InferenceFunction.AsyncValue.init(unsafeBuffer: __C.MTLBuffer, byteOffset: Swift.Int, scalarType: CoreAIRuntime.NDArray.ScalarType, shape: [Swift.Int], strides: [Swift.Int], interleaveLayout: CoreAIRuntime.NDArray.InterleaveLayout?) -> CoreAIRuntime.InferenceFunction.AsyncValue
type metadata accessor for CoreAIRuntime.InferenceFunction.AsyncValue
nominal type descriptor for CoreAIRuntime.InferenceFunction.AsyncValue
CoreAIRuntime.InferenceFunction.descriptor.getter : CoreAIRuntime.InferenceFunctionDescriptor
CoreAIRuntime.InferenceFunction.MutableViews.insert(_: __owned CoreAIRuntime.NDArray.MutableRawView, for: Swift.String) -> ()
CoreAIRuntime.InferenceFunction.MutableViews.insert<A where A: CoreAIRuntime.InferenceValue.MutableViewRepresentable, A: ~Swift.Copyable>(_: inout A, for: Swift.String) -> ()
CoreAIRuntime.InferenceFunction.MutableViews.init() -> CoreAIRuntime.InferenceFunction.MutableViews
type metadata accessor for CoreAIRuntime.InferenceFunction.MutableViews
CoreAIRuntime.InferenceFunction.AsyncMutableValue.init(unsafeBuffer: __C.MTLBuffer, byteOffset: Swift.Int, scalarType: CoreAIRuntime.NDArray.ScalarType, shape: [Swift.Int], strides: [Swift.Int], interleaveLayout: CoreAIRuntime.NDArray.InterleaveLayout?) -> CoreAIRuntime.InferenceFunction.AsyncMutableValue
type metadata accessor for CoreAIRuntime.InferenceFunction.AsyncMutableValue
CoreAIRuntime.InferenceFunction.AsyncMutableViews.insert(_: inout CoreAIRuntime.InferenceFunction.AsyncMutableValue, for: Swift.String) -> ()
CoreAIRuntime.InferenceFunction.AsyncMutableViews.init() -> CoreAIRuntime.InferenceFunction.AsyncMutableViews
type metadata accessor for CoreAIRuntime.InferenceFunction.AsyncMutableViews
CoreAIRuntime.InferenceFunction.run(inputs: [Swift.String : CoreAIRuntime.NDArray], states: __owned CoreAIRuntime.InferenceFunction.MutableViews, outputViews: __owned CoreAIRuntime.InferenceFunction.MutableViews) async throws -> CoreAIRuntime.InferenceFunction.Outputs
async function pointer to CoreAIRuntime.InferenceFunction.run(inputs: [Swift.String : CoreAIRuntime.NDArray], states: __owned CoreAIRuntime.InferenceFunction.MutableViews, outputViews: __owned CoreAIRuntime.InferenceFunction.MutableViews) async throws -> CoreAIRuntime.InferenceFunction.Outputs
CoreAIRuntime.InferenceFunction.encode(inputs: [Swift.String : CoreAIRuntime.InferenceFunction.AsyncValue], states: __owned CoreAIRuntime.InferenceFunction.AsyncMutableViews, outputViews: __owned CoreAIRuntime.InferenceFunction.AsyncMutableViews, to: CoreAIRuntime.ComputeStream) throws -> [Swift.String : CoreAIRuntime.InferenceFunction.AsyncValue]
CoreAIRuntime.InferenceFunction.Outputs.remove(Swift.String) -> CoreAIRuntime.InferenceValue?
type metadata accessor for CoreAIRuntime.InferenceFunction.Outputs
type metadata accessor for CoreAIRuntime.InferenceFunction
nominal type descriptor for CoreAIRuntime.InferenceFunction
CoreAIRuntime.NDArrayDescriptor.scalarType.getter : CoreAIRuntime.NDArray.ScalarType
CoreAIRuntime.NDArrayDescriptor.minimumByteCount.getter : Swift.Int
CoreAIRuntime.NDArrayDescriptor.preferredStrides.getter : [Swift.Int]
CoreAIRuntime.NDArrayDescriptor.resolvingDynamicDimensions([Swift.Int]) -> CoreAIRuntime.NDArrayDescriptor
CoreAIRuntime.NDArrayDescriptor.shape.getter : [Swift.Int]
type metadata accessor for CoreAIRuntime.NDArrayDescriptor
nominal type descriptor for CoreAIRuntime.NDArrayDescriptor
CoreAIRuntime.InferenceFunctionDescriptor.inputDescriptor(of: Swift.String) -> CoreAIRuntime.InferenceValue.Descriptor?
CoreAIRuntime.InferenceFunctionDescriptor.stateDescriptor(of: Swift.String) -> CoreAIRuntime.InferenceValue.Descriptor?
CoreAIRuntime.InferenceFunctionDescriptor.outputDescriptor(of: Swift.String) -> CoreAIRuntime.InferenceValue.Descriptor?
CoreAIRuntime.InferenceFunctionDescriptor.inputNames.getter : [Swift.String]
CoreAIRuntime.InferenceFunctionDescriptor.stateNames.getter : [Swift.String]
CoreAIRuntime.InferenceFunctionDescriptor.outputNames.getter : [Swift.String]
type metadata accessor for CoreAIRuntime.InferenceFunctionDescriptor
nominal type descriptor for CoreAIRuntime.InferenceFunctionDescriptor
(extension in CoreAIDelegates):CoreAIRuntime.AIModel.init(contentsOf: Foundation.URL, options: CoreAIDelegates.SpecializationOptions) async throws -> CoreAIRuntime.AIModel
async function pointer to (extension in CoreAIDelegates):CoreAIRuntime.AIModel.init(contentsOf: Foundation.URL, options: CoreAIDelegates.SpecializationOptions) async throws -> CoreAIRuntime.AIModel
CoreAIRuntime.AIModel.loadFunction(named: Swift.String) throws -> CoreAIRuntime.InferenceFunction?
CoreAIRuntime.AIModel.functionNames.getter : [Swift.String]
CoreAIRuntime.AIModel.functionDescriptor(for: Swift.String) -> CoreAIRuntime.InferenceFunctionDescriptor?
type metadata accessor for CoreAIRuntime.AIModel
nominal type descriptor for CoreAIRuntime.AIModel
enum case for CoreAIRuntime.NDArray.ScalarType.float8e5m2(CoreAIRuntime.NDArray.ScalarType.Type) -> CoreAIRuntime.NDArray.ScalarType
enum case for CoreAIRuntime.NDArray.ScalarType.float4e2m1fn(CoreAIRuntime.NDArray.ScalarType.Type) -> CoreAIRuntime.NDArray.ScalarType
enum case for CoreAIRuntime.NDArray.ScalarType.float8e4m3fn(CoreAIRuntime.NDArray.ScalarType.Type) -> CoreAIRuntime.NDArray.ScalarType
enum case for CoreAIRuntime.NDArray.ScalarType.float8e8m0fn(CoreAIRuntime.NDArray.ScalarType.Type) -> CoreAIRuntime.NDArray.ScalarType
static CoreAIRuntime.NDArray.ScalarType.== infix(CoreAIRuntime.NDArray.ScalarType, CoreAIRuntime.NDArray.ScalarType) -> Swift.Bool
enum case for CoreAIRuntime.NDArray.ScalarType.bool(CoreAIRuntime.NDArray.ScalarType.Type) -> CoreAIRuntime.NDArray.ScalarType
enum case for CoreAIRuntime.NDArray.ScalarType.int2(CoreAIRuntime.NDArray.ScalarType.Type) -> CoreAIRuntime.NDArray.ScalarType
enum case for CoreAIRuntime.NDArray.ScalarType.int3(CoreAIRuntime.NDArray.ScalarType.Type) -> CoreAIRuntime.NDArray.ScalarType
enum case for CoreAIRuntime.NDArray.ScalarType.int4(CoreAIRuntime.NDArray.ScalarType.Type) -> CoreAIRuntime.NDArray.ScalarType
enum case for CoreAIRuntime.NDArray.ScalarType.int5(CoreAIRuntime.NDArray.ScalarType.Type) -> CoreAIRuntime.NDArray.ScalarType
enum case for CoreAIRuntime.NDArray.ScalarType.int6(CoreAIRuntime.NDArray.ScalarType.Type) -> CoreAIRuntime.NDArray.ScalarType
enum case for CoreAIRuntime.NDArray.ScalarType.int7(CoreAIRuntime.NDArray.ScalarType.Type) -> CoreAIRuntime.NDArray.ScalarType
enum case for CoreAIRuntime.NDArray.ScalarType.int8(CoreAIRuntime.NDArray.ScalarType.Type) -> CoreAIRuntime.NDArray.ScalarType
enum case for CoreAIRuntime.NDArray.ScalarType.int16(CoreAIRuntime.NDArray.ScalarType.Type) -> CoreAIRuntime.NDArray.ScalarType
enum case for CoreAIRuntime.NDArray.ScalarType.int32(CoreAIRuntime.NDArray.ScalarType.Type) -> CoreAIRuntime.NDArray.ScalarType
enum case for CoreAIRuntime.NDArray.ScalarType.int64(CoreAIRuntime.NDArray.ScalarType.Type) -> CoreAIRuntime.NDArray.ScalarType
enum case for CoreAIRuntime.NDArray.ScalarType.uint1(CoreAIRuntime.NDArray.ScalarType.Type) -> CoreAIRuntime.NDArray.ScalarType
enum case for CoreAIRuntime.NDArray.ScalarType.uint2(CoreAIRuntime.NDArray.ScalarType.Type) -> CoreAIRuntime.NDArray.ScalarType
enum case for CoreAIRuntime.NDArray.ScalarType.uint3(CoreAIRuntime.NDArray.ScalarType.Type) -> CoreAIRuntime.NDArray.ScalarType
enum case for CoreAIRuntime.NDArray.ScalarType.uint4(CoreAIRuntime.NDArray.ScalarType.Type) -> CoreAIRuntime.NDArray.ScalarType
enum case for CoreAIRuntime.NDArray.ScalarType.uint5(CoreAIRuntime.NDArray.ScalarType.Type) -> CoreAIRuntime.NDArray.ScalarType
enum case for CoreAIRuntime.NDArray.ScalarType.uint6(CoreAIRuntime.NDArray.ScalarType.Type) -> CoreAIRuntime.NDArray.ScalarType
enum case for CoreAIRuntime.NDArray.ScalarType.uint7(CoreAIRuntime.NDArray.ScalarType.Type) -> CoreAIRuntime.NDArray.ScalarType
enum case for CoreAIRuntime.NDArray.ScalarType.uint8(CoreAIRuntime.NDArray.ScalarType.Type) -> CoreAIRuntime.NDArray.ScalarType
enum case for CoreAIRuntime.NDArray.ScalarType.int128(CoreAIRuntime.NDArray.ScalarType.Type) -> CoreAIRuntime.NDArray.ScalarType
enum case for CoreAIRuntime.NDArray.ScalarType.uint16(CoreAIRuntime.NDArray.ScalarType.Type) -> CoreAIRuntime.NDArray.ScalarType
enum case for CoreAIRuntime.NDArray.ScalarType.uint32(CoreAIRuntime.NDArray.ScalarType.Type) -> CoreAIRuntime.NDArray.ScalarType
enum case for CoreAIRuntime.NDArray.ScalarType.uint64(CoreAIRuntime.NDArray.ScalarType.Type) -> CoreAIRuntime.NDArray.ScalarType
enum case for CoreAIRuntime.NDArray.ScalarType.float16(CoreAIRuntime.NDArray.ScalarType.Type) -> CoreAIRuntime.NDArray.ScalarType
enum case for CoreAIRuntime.NDArray.ScalarType.float32(CoreAIRuntime.NDArray.ScalarType.Type) -> CoreAIRuntime.NDArray.ScalarType
enum case for CoreAIRuntime.NDArray.ScalarType.float64(CoreAIRuntime.NDArray.ScalarType.Type) -> CoreAIRuntime.NDArray.ScalarType
enum case for CoreAIRuntime.NDArray.ScalarType.uint128(CoreAIRuntime.NDArray.ScalarType.Type) -> CoreAIRuntime.NDArray.ScalarType
enum case for CoreAIRuntime.NDArray.ScalarType.bfloat16(CoreAIRuntime.NDArray.ScalarType.Type) -> CoreAIRuntime.NDArray.ScalarType
enum case for CoreAIRuntime.NDArray.ScalarType.cfloat16(CoreAIRuntime.NDArray.ScalarType.Type) -> CoreAIRuntime.NDArray.ScalarType
enum case for CoreAIRuntime.NDArray.ScalarType.cfloat32(CoreAIRuntime.NDArray.ScalarType.Type) -> CoreAIRuntime.NDArray.ScalarType
enum case for CoreAIRuntime.NDArray.ScalarType.cfloat64(CoreAIRuntime.NDArray.ScalarType.Type) -> CoreAIRuntime.NDArray.ScalarType
type metadata accessor for CoreAIRuntime.NDArray.ScalarType
nominal type descriptor for CoreAIRuntime.NDArray.ScalarType
CoreAIRuntime.NDArray.init(descriptor: CoreAIRuntime.NDArrayDescriptor) -> CoreAIRuntime.NDArray
CoreAIRuntime.NDArray.scalarType.getter : CoreAIRuntime.NDArray.ScalarType
CoreAIRuntime.NDArray.MutableView._copyElements<A where A == A1.Element, A1: Swift.Collection>(fromContentsOf: A1) -> ()
CoreAIRuntime.NDArray.MutableView._view.getter : CoreAIRuntime.NDArray.UnownedView
CoreAIRuntime.NDArray.MutableView.shape.getter : Swift.Span<Swift.Int>
CoreAIRuntime.NDArray.MutableView._start() -> Swift.UnsafeMutablePointer<A>
CoreAIRuntime.NDArray.MutableView.strides.getter : Swift.Span<Swift.Int>
type metadata accessor for CoreAIRuntime.NDArray.MutableView
nominal type descriptor for CoreAIRuntime.NDArray.MutableView
CoreAIRuntime.NDArray.UnownedView.contiguousElements() -> Swift.UnsafeMutableRawBufferPointer?
CoreAIRuntime.NDArray.UnownedView.slice(at: Swift.Span<CoreAIRuntime.NDArray.RangeExpression>) -> CoreAIRuntime.NDArray.UnownedView
type metadata accessor for CoreAIRuntime.NDArray.UnownedView
CoreAIRuntime.NDArray.mutableView<A where A: Swift.BitwiseCopyable>(as: A.Type) -> CoreAIRuntime.NDArray.MutableView<A>
CoreAIRuntime.NDArray.MutableRawView.init(unownedView: CoreAIRuntime.NDArray.UnownedView) -> CoreAIRuntime.NDArray.MutableRawView
CoreAIRuntime.NDArray.MutableRawView._view.getter : CoreAIRuntime.NDArray.UnownedView
type metadata accessor for CoreAIRuntime.NDArray.MutableRawView
CoreAIRuntime.NDArray.mutableRawView() -> CoreAIRuntime.NDArray.MutableRawView
protocol descriptor for CoreAIRuntime.NDArray.RangeExpression
type metadata accessor for CoreAIRuntime.NDArray.InterleaveLayout
nominal type descriptor for CoreAIRuntime.NDArray.InterleaveLayout
CoreAIRuntime.NDArray.View.withUnsafePointer<A, B where B1: Swift.Error>((Swift.UnsafePointer<A>, Swift.Span<Swift.Int>, Swift.Span<Swift.Int>) throws(B1) -> A1) throws(B1) -> A1
CoreAIRuntime.NDArray.View.contiguousElements.getter : Swift.Span<A>?
type metadata accessor for CoreAIRuntime.NDArray.View
nominal type descriptor for CoreAIRuntime.NDArray.View
CoreAIRuntime.NDArray.view<A where A: Swift.BitwiseCopyable>(as: A.Type) -> CoreAIRuntime.NDArray.View<A>
CoreAIRuntime.NDArray.shape.getter : [Swift.Int]
protocol witness table for CoreAIRuntime.NDArray : CoreAIRuntime.InferenceValue.MutableViewRepresentable in CoreAIRuntime
type metadata accessor for CoreAIRuntime.NDArray
nominal type descriptor for CoreAIRuntime.NDArray
enum case for CoreAIDelegates.ComputeUnitKind.neuralEngine(CoreAIDelegates.ComputeUnitKind.Type) -> CoreAIDelegates.ComputeUnitKind
enum case for CoreAIDelegates.ComputeUnitKind.gpu(CoreAIDelegates.ComputeUnitKind.Type) -> CoreAIDelegates.ComputeUnitKind
type metadata accessor for CoreAIDelegates.ComputeUnitKind
CoreAIDelegates.SpecializationOptions.expectFrequentReshapes.setter : Swift.Bool
CoreAIDelegates.SpecializationOptions.init(preferredComputeUnitKind: CoreAIDelegates.ComputeUnitKind) -> CoreAIDelegates.SpecializationOptions
type metadata accessor for CoreAIDelegates.SpecializationOptions
dispatch thunk of static Synchronization.AtomicRepresentable.decodeAtomicRepresentation(__owned A.AtomicRepresentation) -> A
protocol requirements base descriptor for Synchronization.AtomicRepresentable
nominal type descriptor for Synchronization.Mutex
nominal type descriptor for Synchronization.Atomic
associated type descriptor for Swift._ObjectiveCBridgeable._ObjectiveCType
associated type descriptor for Swift.ExpressibleByFloatLiteral.FloatLiteralType
FoundationModels.Transcript.ToolOutput.id.getter : Swift.String
FoundationModels.Transcript.ToolOutput.segments.getter : [FoundationModels.Transcript.Segment]
FoundationModels.Transcript.ToolOutput.toolName.getter : Swift.String
type metadata accessor for FoundationModels.Transcript.ToolOutput
FoundationModels.Transcript.TextSegment.content.getter : Swift.String
type metadata accessor for FoundationModels.Transcript.TextSegment
FoundationModels.Transcript.Instructions.segments.getter : [FoundationModels.Transcript.Segment]
type metadata accessor for FoundationModels.Transcript.Instructions
FoundationModels.Transcript.ToolDefinition.parameters.getter : FoundationModels.GenerationSchema
FoundationModels.Transcript.ToolDefinition.description.getter : Swift.String
FoundationModels.Transcript.ToolDefinition.name.getter : Swift.String
type metadata accessor for FoundationModels.Transcript.ToolDefinition
enum case for FoundationModels.Transcript.Entry.toolOutput(FoundationModels.Transcript.Entry.Type) -> (FoundationModels.Transcript.ToolOutput) -> FoundationModels.Transcript.Entry
enum case for FoundationModels.Transcript.Entry.instructions(FoundationModels.Transcript.Entry.Type) -> (FoundationModels.Transcript.Instructions) -> FoundationModels.Transcript.Entry
enum case for FoundationModels.Transcript.Entry.prompt(FoundationModels.Transcript.Entry.Type) -> (FoundationModels.Transcript.Prompt) -> FoundationModels.Transcript.Entry
enum case for FoundationModels.Transcript.Entry.response(FoundationModels.Transcript.Entry.Type) -> (FoundationModels.Transcript.Response) -> FoundationModels.Transcript.Entry
enum case for FoundationModels.Transcript.Entry.toolCalls(FoundationModels.Transcript.Entry.Type) -> (FoundationModels.Transcript.ToolCalls) -> FoundationModels.Transcript.Entry
type metadata accessor for FoundationModels.Transcript.Entry
FoundationModels.Transcript.Prompt.segments.getter : [FoundationModels.Transcript.Segment]
type metadata accessor for FoundationModels.Transcript.Prompt
enum case for FoundationModels.Transcript.Segment.text(FoundationModels.Transcript.Segment.Type) -> (FoundationModels.Transcript.TextSegment) -> FoundationModels.Transcript.Segment
type metadata accessor for FoundationModels.Transcript.Segment
FoundationModels.Transcript.Response.segments.getter : [FoundationModels.Transcript.Segment]
type metadata accessor for FoundationModels.Transcript.Response
FoundationModels.Transcript.ToolCall.id.getter : Swift.String
FoundationModels.Transcript.ToolCall.toolName.getter : Swift.String
FoundationModels.Transcript.ToolCall.arguments.getter : FoundationModels.GeneratedContent
type metadata accessor for FoundationModels.Transcript.ToolCall
type metadata accessor for FoundationModels.Transcript.ToolCalls
protocol conformance descriptor for FoundationModels.Transcript.ToolCalls : Swift.Collection in FoundationModels
type metadata accessor for FoundationModels.Transcript
protocol conformance descriptor for FoundationModels.Transcript : Swift.Sequence in FoundationModels
protocol descriptor for FoundationModels.LanguageModel
method descriptor for FoundationModels.LanguageModel.capabilities.getter : FoundationModels.LanguageModelCapabilities
method descriptor for FoundationModels.LanguageModel.executorConfiguration.getter : A.Executor.Configuration
associated conformance descriptor for FoundationModels.LanguageModel.FoundationModels.LanguageModel.Executor: FoundationModels.LanguageModelExecutor
FoundationModels.GeneratedContent.jsonString.getter : Swift.String
type metadata accessor for FoundationModels.GeneratedContent
type metadata accessor for FoundationModels.GenerationSchema
nominal type descriptor for FoundationModels.GenerationSchema
protocol conformance descriptor for FoundationModels.GenerationSchema : Swift.Encodable in FoundationModels
FoundationModels.GenerationOptions.temperature.getter : Swift.Double?
type metadata accessor for FoundationModels.GenerationOptions.SamplingMode
nominal type descriptor for FoundationModels.GenerationOptions.SamplingMode
FoundationModels.GenerationOptions.init(samplingMode: FoundationModels.GenerationOptions.SamplingMode?, temperature: Swift.Double?, maximumResponseTokens: Swift.Int?) -> FoundationModels.GenerationOptions
FoundationModels.GenerationOptions.maximumResponseTokens.getter : Swift.Int?
type metadata accessor for FoundationModels.GenerationOptions
FoundationModels.LanguageModelError.UnsupportedCapability.init(capability: FoundationModels.LanguageModelCapabilities.Capability, debugDescription: Swift.String, metadata: [Swift.String : Swift.Sendable]) -> FoundationModels.LanguageModelError.UnsupportedCapability
enum case for FoundationModels.LanguageModelError.unsupportedCapability(FoundationModels.LanguageModelError.Type) -> (FoundationModels.LanguageModelError.UnsupportedCapability) -> FoundationModels.LanguageModelError
FoundationModels.LanguageModelError.UnsupportedTranscriptContent.init(unsupportedContent: [FoundationModels.Transcript.Entry], debugDescription: Swift.String, metadata: [Swift.String : Swift.Sendable]) -> FoundationModels.LanguageModelError.UnsupportedTranscriptContent
enum case for FoundationModels.LanguageModelError.unsupportedTranscriptContent(FoundationModels.LanguageModelError.Type) -> (FoundationModels.LanguageModelError.UnsupportedTranscriptContent) -> FoundationModels.LanguageModelError
type metadata accessor for FoundationModels.LanguageModelError
protocol conformance descriptor for FoundationModels.LanguageModelError : Swift.Error in FoundationModels
FoundationModels.LanguageModelSession.ResponseStream.AsyncIterator.next(isolation: isolated Swift.Actor?) async throws -> FoundationModels.LanguageModelSession.ResponseStream<A>.Snapshot?
async function pointer to FoundationModels.LanguageModelSession.ResponseStream.AsyncIterator.next(isolation: isolated Swift.Actor?) async throws -> FoundationModels.LanguageModelSession.ResponseStream<A>.Snapshot?
nominal type descriptor for FoundationModels.LanguageModelSession.ResponseStream.AsyncIterator
FoundationModels.LanguageModelSession.ResponseStream.makeAsyncIterator() -> FoundationModels.LanguageModelSession.ResponseStream<A>.AsyncIterator
FoundationModels.LanguageModelSession.ResponseStream.Snapshot.usage.getter : FoundationModels.LanguageModelSession.Usage
FoundationModels.LanguageModelSession.ResponseStream.Snapshot.content.getter : A.PartiallyGenerated
nominal type descriptor for FoundationModels.LanguageModelSession.ResponseStream.Snapshot
nominal type descriptor for FoundationModels.LanguageModelSession.ResponseStream
FoundationModels.LanguageModelSession.streamResponse(to: Swift.String, options: FoundationModels.GenerationOptions) -> FoundationModels.LanguageModelSession.ResponseStream<Swift.String>
FoundationModels.LanguageModelSession.Usage.Input.totalTokenCount.getter : Swift.Int
FoundationModels.LanguageModelSession.Usage.Input.cachedTokenCount.getter : Swift.Int
type metadata accessor for FoundationModels.LanguageModelSession.Usage.Input
FoundationModels.LanguageModelSession.Usage.input.getter : FoundationModels.LanguageModelSession.Usage.Input
FoundationModels.LanguageModelSession.Usage.Output.totalTokenCount.getter : Swift.Int
FoundationModels.LanguageModelSession.Usage.Output.reasoningTokenCount.getter : Swift.Int
type metadata accessor for FoundationModels.LanguageModelSession.Usage.Output
FoundationModels.LanguageModelSession.Usage.output.getter : FoundationModels.LanguageModelSession.Usage.Output
type metadata accessor for FoundationModels.LanguageModelSession.Usage
FoundationModels.LanguageModelSession.__allocating_init<A where A: FoundationModels.LanguageModel>(model: A, tools: [FoundationModels.Tool], instructions: Swift.String?) -> FoundationModels.LanguageModelSession
type metadata accessor for FoundationModels.LanguageModelSession
nominal type descriptor for FoundationModels.LanguageModelSession
protocol descriptor for FoundationModels.LanguageModelExecutor
associated conformance descriptor for FoundationModels.LanguageModelExecutor.FoundationModels.LanguageModelExecutor.Model: FoundationModels.LanguageModel
associated conformance descriptor for FoundationModels.LanguageModelExecutor.FoundationModels.LanguageModelExecutor.Configuration: Swift.Hashable
method descriptor for FoundationModels.LanguageModelExecutor.init(configuration: A.Configuration) throws -> A
method descriptor for FoundationModels.LanguageModelExecutor.prewarm(model: A.Model, transcript: FoundationModels.Transcript) -> ()
method descriptor for FoundationModels.LanguageModelExecutor.respond(to: FoundationModels.LanguageModelExecutorGenerationRequest, model: A.Model, streamingInto: FoundationModels.LanguageModelExecutorGenerationChannel) async throws -> ()
static FoundationModels.LanguageModelCapabilities.Capability.toolCalling.getter : FoundationModels.LanguageModelCapabilities.Capability
static FoundationModels.LanguageModelCapabilities.Capability.guidedGeneration.getter : FoundationModels.LanguageModelCapabilities.Capability
static FoundationModels.LanguageModelCapabilities.Capability.reasoning.getter : FoundationModels.LanguageModelCapabilities.Capability
type metadata accessor for FoundationModels.LanguageModelCapabilities.Capability
nominal type descriptor for FoundationModels.LanguageModelCapabilities.Capability
FoundationModels.LanguageModelCapabilities.contains(FoundationModels.LanguageModelCapabilities.Capability) -> Swift.Bool
type metadata accessor for FoundationModels.LanguageModelCapabilities
FoundationModels.LanguageModelCapabilities.init([FoundationModels.LanguageModelCapabilities.Capability]) -> FoundationModels.LanguageModelCapabilities
protocol descriptor for FoundationModels.ConvertibleToGeneratedContent
FoundationModels.LanguageModelExecutorGenerationChannel.send(FoundationModels.LanguageModelExecutorGenerationChannel.Event) async -> ()
async function pointer to FoundationModels.LanguageModelExecutorGenerationChannel.send(FoundationModels.LanguageModelExecutorGenerationChannel.Event) async -> ()
static FoundationModels.LanguageModelExecutorGenerationChannel.Event.response(entryID: Swift.String?, action: FoundationModels.LanguageModelExecutorGenerationChannel.Response.Action) -> FoundationModels.LanguageModelExecutorGenerationChannel.Event
static FoundationModels.LanguageModelExecutorGenerationChannel.Event.reasoning(entryID: Swift.String?, action: FoundationModels.LanguageModelExecutorGenerationChannel.Reasoning.Action) -> FoundationModels.LanguageModelExecutorGenerationChannel.Event
static FoundationModels.LanguageModelExecutorGenerationChannel.Event.toolCalls(entryID: Swift.String?, action: FoundationModels.LanguageModelExecutorGenerationChannel.ToolCalls.Action) -> FoundationModels.LanguageModelExecutorGenerationChannel.Event
type metadata accessor for FoundationModels.LanguageModelExecutorGenerationChannel.Event
FoundationModels.LanguageModelExecutorGenerationChannel.Usage.Input.init(totalTokenCount: Swift.Int, cachedTokenCount: Swift.Int) -> FoundationModels.LanguageModelExecutorGenerationChannel.Usage.Input
FoundationModels.LanguageModelExecutorGenerationChannel.Usage.Input.cachedTokenCount.getter : Swift.Int
type metadata accessor for FoundationModels.LanguageModelExecutorGenerationChannel.Usage.Input
FoundationModels.LanguageModelExecutorGenerationChannel.Usage.Output.init(totalTokenCount: Swift.Int, reasoningTokenCount: Swift.Int) -> FoundationModels.LanguageModelExecutorGenerationChannel.Usage.Output
type metadata accessor for FoundationModels.LanguageModelExecutorGenerationChannel.Usage.Output
static FoundationModels.LanguageModelExecutorGenerationChannel.Response.Action.appendText(_: Swift.String, segmentID: Swift.String?, tokenCount: Swift.Int) -> FoundationModels.LanguageModelExecutorGenerationChannel.Response.Action
static FoundationModels.LanguageModelExecutorGenerationChannel.Response.Action.updateUsage(input: FoundationModels.LanguageModelExecutorGenerationChannel.Usage.Input, output: FoundationModels.LanguageModelExecutorGenerationChannel.Usage.Output, metadata: [Swift.String : FoundationModels.ConvertibleToGeneratedContent]) -> FoundationModels.LanguageModelExecutorGenerationChannel.Response.Action
type metadata accessor for FoundationModels.LanguageModelExecutorGenerationChannel.Response.Action
static FoundationModels.LanguageModelExecutorGenerationChannel.Reasoning.Action.appendText(_: Swift.String, segmentID: Swift.String?, tokenCount: Swift.Int) -> FoundationModels.LanguageModelExecutorGenerationChannel.Reasoning.Action
type metadata accessor for FoundationModels.LanguageModelExecutorGenerationChannel.Reasoning.Action
static FoundationModels.LanguageModelExecutorGenerationChannel.ToolCalls.ToolCall.Action.appendArguments(_: Swift.String, tokenCount: Swift.Int) -> FoundationModels.LanguageModelExecutorGenerationChannel.ToolCalls.ToolCall.Action
type metadata accessor for FoundationModels.LanguageModelExecutorGenerationChannel.ToolCalls.ToolCall.Action
static FoundationModels.LanguageModelExecutorGenerationChannel.ToolCalls.Action.toolCall(id: Swift.String, name: Swift.String, action: FoundationModels.LanguageModelExecutorGenerationChannel.ToolCalls.ToolCall.Action) -> FoundationModels.LanguageModelExecutorGenerationChannel.ToolCalls.Action
type metadata accessor for FoundationModels.LanguageModelExecutorGenerationChannel.ToolCalls.Action
FoundationModels.LanguageModelExecutorGenerationRequest.transcript.getter : FoundationModels.Transcript
FoundationModels.LanguageModelExecutorGenerationRequest.generationOptions.getter : FoundationModels.GenerationOptions
FoundationModels.LanguageModelExecutorGenerationRequest.enabledToolDefinitions.getter : [FoundationModels.Transcript.ToolDefinition]
FoundationModels.LanguageModelExecutorGenerationRequest.schema.getter : FoundationModels.GenerationSchema?
associated type descriptor for Swift.ExpressibleByStringLiteral.StringLiteralType
associated type descriptor for Swift.StringInterpolationProtocol.StringLiteralType
_StringProcessing._RegexFactory.accumulate<A, B, C where B: _StringProcessing.RegexComponent, C: _StringProcessing.RegexComponent>(B, C) -> _StringProcessing.Regex<A>
_StringProcessing._RegexFactory.zeroOrMore<A, B where B: _StringProcessing.RegexComponent>(B, _StringProcessing.RegexRepetitionBehavior?) -> _StringProcessing.Regex<A>
_StringProcessing._RegexFactory.ignoreCapturesInTypedOutput<A where A: _StringProcessing.RegexComponent>(A) -> _StringProcessing.Regex<Swift.Substring>
_StringProcessing._RegexFactory.capture<A, B where B: _StringProcessing.RegexComponent>(B) -> _StringProcessing.Regex<A>
_StringProcessing._RegexFactory.oneOrMore<A, B where B: _StringProcessing.RegexComponent>(B, _StringProcessing.RegexRepetitionBehavior?) -> _StringProcessing.Regex<A>
_StringProcessing._RegexFactory.zeroOrOne<A, B where B: _StringProcessing.RegexComponent>(B, _StringProcessing.RegexRepetitionBehavior?) -> _StringProcessing.Regex<A>
type metadata accessor for _StringProcessing._RegexFactory
static (extension in RegexBuilder):_StringProcessing.RegexComponent< where A == RegexBuilder.CharacterClass>.any.getter : RegexBuilder.CharacterClass
static (extension in RegexBuilder):_StringProcessing.RegexComponent< where A == RegexBuilder.CharacterClass>.anyOf<A where A1: Swift.Sequence, A1.Element == Swift.Character>(A1) -> RegexBuilder.CharacterClass
dispatch thunk of _StringProcessing.RegexComponent.regex.getter : _StringProcessing.Regex<A.RegexOutput>
static _StringProcessing.RegexRepetitionBehavior.reluctant.getter : _StringProcessing.RegexRepetitionBehavior
type metadata accessor for _StringProcessing.RegexRepetitionBehavior
nominal type descriptor for _StringProcessing.RegexRepetitionBehavior
_StringProcessing.Regex.init(_regexString: Swift.String, version: Swift.Int) -> _StringProcessing.Regex<A>
(extension in RegexBuilder):_StringProcessing.Regex.init<A where A == A1.RegexOutput, A1: _StringProcessing.RegexComponent>(() -> A1) -> _StringProcessing.Regex<A>
_StringProcessing.Regex.wholeMatch(in: Swift.Substring) throws -> _StringProcessing.Regex<A>.Match?
_StringProcessing.Regex.ignoresCase(Swift.Bool) -> _StringProcessing.Regex<A>
_StringProcessing.Regex.Match.subscript.getter : <A>(dynamicMember: Swift.KeyPath<A, A1>) -> A1
_StringProcessing.Regex.Match.output.getter : A
nominal type descriptor for _StringProcessing.Regex.Match
nominal type descriptor for _StringProcessing.Regex
protocol conformance descriptor for _StringProcessing.Regex<A> : _StringProcessing.RegexComponent in _StringProcessing
associated type descriptor for Swift.ExpressibleByBooleanLiteral.BooleanLiteralType
associated type descriptor for Swift.ExpressibleByIntegerLiteral.IntegerLiteralType
associated type descriptor for Swift.ExpressibleByArrayLiteral.ArrayLiteralElement
associated type descriptor for Swift.ExpressibleByStringInterpolation.StringInterpolation
associated type descriptor for Synchronization.AtomicRepresentable.AtomicRepresentation
UniformTypeIdentifiers.UTType.init(filenameExtension: Swift.String, conformingTo: UniformTypeIdentifiers.UTType) -> UniformTypeIdentifiers.UTType?
UniformTypeIdentifiers.UTType.preferredMIMEType.getter : Swift.String?
static UniformTypeIdentifiers.UTType.data.getter : UniformTypeIdentifiers.UTType
type metadata accessor for UniformTypeIdentifiers.UTType
nominal type descriptor for UniformTypeIdentifiers.UTType
associated type descriptor for Swift.ExpressibleByUnicodeScalarLiteral.UnicodeScalarLiteralType
associated type descriptor for Swift.Identifiable.ID
os.os_signpost(_: __C.os_signpost_type_t, dso: Swift.UnsafeRawPointer, log: __C.OS_os_log, name: Swift.StaticString, signpostID: os.OSSignpostID, _: Swift.StaticString, _: Swift.CVarArg...) -> ()
os.os_signpost(_: __C.os_signpost_type_t, dso: Swift.UnsafeRawPointer, log: __C.OS_os_log, name: Swift.StaticString, signpostID: os.OSSignpostID) -> ()
os.OSSignpostID.init(log: __C.OS_os_log) -> os.OSSignpostID
static os.OSSignpostID.exclusive.getter : os.OSSignpostID
type metadata accessor for os.OSSignpostID
nominal type descriptor for os.OSSignpostID
nominal type descriptor for os.OSAllocatedUnfairLock
os.Logger.logObject.getter : __C.OS_os_log
os.Logger.init() -> os.Logger
type metadata accessor for os.Logger
associated type descriptor for Swift.ExpressibleByExtendedGraphemeClusterLiteral.ExtendedGraphemeClusterLiteralType
associated type descriptor for Swift.ExpressibleByDictionaryLiteral.Key
associated type descriptor for SwiftUI.App.Body
associated type descriptor for Swift.Collection.Index
associated type descriptor for FoundationModels.LanguageModelExecutor.Model
associated type descriptor for Swift.ExpressibleByDictionaryLiteral.Value
CoreML.MLShapedArray.shape.getter : [Swift.Int]
nominal type descriptor for CoreML.MLShapedArray
protocol conformance descriptor for CoreML.MLShapedArray<A> : CoreML.MLShapedArrayProtocol in CoreML
(extension in CoreML):CoreML.MLShapedArrayProtocol.scalars.modify : [A.Scalar]
(extension in CoreML):CoreML.MLShapedArrayProtocol.scalars.getter : [A.Scalar]
protocol descriptor for CoreML.MLTensorRangeExpression
CoreML.MLTensor.scalarType.getter : CoreML.MLTensorScalar.Type
CoreML.MLTensor.shapedArray<A where A: CoreML.MLShapedArrayScalar, A: CoreML.MLTensorScalar>(of: A.Type) async -> CoreML.MLShapedArray<A>
async function pointer to CoreML.MLTensor.shapedArray<A where A: CoreML.MLShapedArrayScalar, A: CoreML.MLTensorScalar>(of: A.Type) async -> CoreML.MLShapedArray<A>
CoreML.MLTensor.init(floatLiteral: Swift.Float) -> CoreML.MLTensor
CoreML.MLTensor.init<A where A: Swift.Collection, A.Element == CoreML.MLTensor>(concatenating: A, alongAxis: Swift.Int) -> CoreML.MLTensor
CoreML.MLTensor.cumulativeSum(alongAxis: Swift.Int) -> CoreML.MLTensor
CoreML.MLTensor.init<A where A: CoreML.MLTensorScalar, A: Swift.BinaryFloatingPoint>(randomUniform: [Swift.Int], in: Swift.Range<A>, seed: Swift.UInt64?, scalarType: A.Type) -> CoreML.MLTensor
CoreML.MLTensor.expandingShape(at: Swift.Int...) -> CoreML.MLTensor
static CoreML.MLTensor./ infix<A where A: CoreML.MLTensorScalar, A: Swift.Numeric>(CoreML.MLTensor, A) -> CoreML.MLTensor
static CoreML.MLTensor.* infix(CoreML.MLTensor, CoreML.MLTensor) -> CoreML.MLTensor
static CoreML.MLTensor.* infix<A where A: CoreML.MLTensorScalar, A: Swift.Numeric>(CoreML.MLTensor, A) -> CoreML.MLTensor
static CoreML.MLTensor.+ infix(CoreML.MLTensor, CoreML.MLTensor) -> CoreML.MLTensor
static CoreML.MLTensor.- infix(CoreML.MLTensor, CoreML.MLTensor) -> CoreML.MLTensor
static CoreML.MLTensor..& infix(CoreML.MLTensor, CoreML.MLTensor) -> CoreML.MLTensor
static CoreML.MLTensor..> infix<A where A: CoreML.MLTensorScalar, A: Swift.Numeric>(CoreML.MLTensor, A) -> CoreML.MLTensor
static CoreML.MLTensor..< infix(CoreML.MLTensor, CoreML.MLTensor) -> CoreML.MLTensor
CoreML.MLTensor.max(alongAxes: [Swift.Int], keepRank: Swift.Bool) -> CoreML.MLTensor
static CoreML.MLTensor..>= infix<A where A: CoreML.MLTensorScalar, A: Swift.Numeric>(CoreML.MLTensor, A) -> CoreML.MLTensor
static CoreML.MLTensor..!= infix(CoreML.MLTensor, CoreML.MLTensor) -> CoreML.MLTensor
CoreML.MLTensor.cast<A where A: CoreML.MLTensorScalar>(to: A.Type) -> CoreML.MLTensor
CoreML.MLTensor.rank.getter : Swift.Int
CoreML.MLTensor.topK(Swift.Int) -> (values: CoreML.MLTensor, indices: CoreML.MLTensor)
CoreML.MLTensor.init<A, B where A: CoreML.MLTensorScalar, A == B.Element, B: Swift.Collection>(shape: [Swift.Int], scalars: B, scalarType: A.Type) -> CoreML.MLTensor
CoreML.MLTensor.shape.getter : [Swift.Int]
CoreML.MLTensor.tiled(multiples: [Swift.Int]) -> CoreML.MLTensor
CoreML.MLTensor.init<A where A: CoreML.MLTensorScalar, A: Swift.BinaryFloatingPoint, A.Swift.BinaryFloatingPoint.RawSignificand: Swift.FixedWidthInteger>(zeros: [Swift.Int], scalarType: A.Type) -> CoreML.MLTensor
CoreML.MLTensor.argmax(alongAxis: Swift.Int, keepRank: Swift.Bool) -> CoreML.MLTensor
CoreML.MLTensor.argmin(alongAxis: Swift.Int, keepRank: Swift.Bool) -> CoreML.MLTensor
CoreML.MLTensor.argsort(alongAxis: Swift.Int, descendingOrder: Swift.Bool) -> CoreML.MLTensor
CoreML.MLTensor.softmax(alongAxis: Swift.Int) -> CoreML.MLTensor
CoreML.MLTensor.reshaped(to: [Swift.Int]) -> CoreML.MLTensor
CoreML.MLTensor.gathering(atIndices: CoreML.MLTensor, alongAxis: Swift.Int) -> CoreML.MLTensor
CoreML.MLTensor.init<A where A: CoreML.MLTensorScalar>(repeating: A, shape: [Swift.Int], scalarType: A.Type) -> CoreML.MLTensor
CoreML.MLTensor.replacing(with: CoreML.MLTensor, where: CoreML.MLTensor) -> CoreML.MLTensor
CoreML.MLTensor.replacing<A where A: CoreML.MLTensorScalar>(atIndices: CoreML.MLTensor, with: A, alongAxis: Swift.Int) -> CoreML.MLTensor
type metadata accessor for CoreML.MLTensor
nominal type descriptor for CoreML.MLTensor
CoreML.MLTensor.init<A, B where A: CoreML.MLTensorScalar, A == B.Element, B: Swift.Collection>(_: B, scalarType: A.Type) -> CoreML.MLTensor
CoreML.MLTensor.init<A where A: Swift.Collection, A.Element == Swift.Int32>(A) -> CoreML.MLTensor
CoreML.MLTensor.subscript.getter : (CoreML.MLTensorRangeExpression?...) -> CoreML.MLTensor
Darwin.open(Swift.UnsafePointer<Swift.Int8>, Swift.Int32, Swift.UInt16) -> Swift.Int32
Darwin.errno.getter : Swift.Int32
Darwin.S_IRGRP.getter : Swift.UInt16
Darwin.S_IROTH.getter : Swift.UInt16
Darwin.S_IRUSR.getter : Swift.UInt16
Darwin.S_IWUSR.getter : Swift.UInt16
associated type descriptor for Swift.Strideable.Stride
associated type descriptor for Swift.Sequence.Element
associated type descriptor for Swift.AsyncIteratorProtocol.Element
associated type descriptor for Swift.AsyncSequence.Element
associated type descriptor for Swift.IteratorProtocol.Element
associated type descriptor for Swift.SetAlgebra.Element
associated type descriptor for Swift.AsyncIteratorProtocol.Failure
associated type descriptor for Swift.AsyncSequence.Failure
associated type descriptor for Swift.Collection.Indices
Network.NWPathMonitor.pathUpdateHandler.setter : ((Network.NWPath) -> ())?
Network.NWPathMonitor.start(queue: __C.OS_dispatch_queue) -> ()
Network.NWPathMonitor.cancel() -> ()
Network.NWPathMonitor.init() -> Network.NWPathMonitor
type metadata accessor for Network.NWPathMonitor
nominal type descriptor for Network.NWPathMonitor
Network.NWPath.isExpensive.getter : Swift.Bool
Network.NWPath.isConstrained.getter : Swift.Bool
static Network.NWPath.Status.== infix(Network.NWPath.Status, Network.NWPath.Status) -> Swift.Bool
enum case for Network.NWPath.Status.satisfied(Network.NWPath.Status.Type) -> Network.NWPath.Status
type metadata accessor for Network.NWPath.Status
Network.NWPath.status.getter : Network.NWPath.Status
type metadata accessor for Network.NWPath
nominal type descriptor for Network.NWPath
SwiftUI.WindowGroup.init(id: Swift.String?, title: SwiftUI.Text?, lazyContent: () -> A) -> SwiftUI.WindowGroup<A>
nominal type descriptor for SwiftUI.WindowGroup
protocol conformance descriptor for SwiftUI.WindowGroup<A> : SwiftUI.Scene in SwiftUI
(extension in SwiftUI):SwiftUI.ProgressView< where B == SwiftUI.EmptyView>.init< where A == SwiftUI.EmptyView>() -> SwiftUI.ProgressView<SwiftUI.EmptyView, SwiftUI.EmptyView>
nominal type descriptor for SwiftUI.ProgressView
static SwiftUI.SceneBuilder.buildBlock<A where A: SwiftUI.Scene>(A) -> A
nominal type descriptor for SwiftUI.TupleContent
protocol conformance descriptor for SwiftUI._TaskModifier : SwiftUI.ViewModifier in SwiftUI
type metadata accessor for SwiftUI._TaskModifier
nominal type descriptor for SwiftUI._VStackLayout
nominal type descriptor for SwiftUI._VariadicView.Tree
SwiftUI._TaskModifier2.init(name: Swift.String, executorPreference: Swift.TaskExecutor?, priority: Swift.TaskPriority, action: __owned @isolated(any) () async -> ()) -> SwiftUI._TaskModifier2
protocol conformance descriptor for SwiftUI._TaskModifier2 : SwiftUI.ViewModifier in SwiftUI
type metadata accessor for SwiftUI._TaskModifier2
nominal type descriptor for SwiftUI._TaskModifier2
type metadata accessor for SwiftUI.ModifiedContent
nominal type descriptor for SwiftUI.ModifiedContent
protocol conformance descriptor for < where A: SwiftUI.View, B: SwiftUI.ViewModifier> SwiftUI.ModifiedContent<A, B> : SwiftUI.View in SwiftUI
SwiftUI.LocalizedStringKey.init(stringLiteral: Swift.String) -> SwiftUI.LocalizedStringKey
static SwiftUI.HorizontalAlignment.center.getter : SwiftUI.HorizontalAlignment
static SwiftUI.HierarchicalShapeStyle.secondary.getter : SwiftUI.HierarchicalShapeStyle
protocol witness table for SwiftUI.HierarchicalShapeStyle : SwiftUI.ShapeStyle in SwiftUI
type metadata for SwiftUI.HierarchicalShapeStyle
protocol descriptor for SwiftUI.App
associated conformance descriptor for SwiftUI.App.SwiftUI.App.Body: SwiftUI.Scene
method descriptor for SwiftUI.App.body.getter : A.Body
static (extension in SwiftUI):SwiftUI.App.main() -> ()
method descriptor for SwiftUI.App.init() -> A
SwiftUI.Font.monospaced() -> SwiftUI.Font
static SwiftUI.Font.footnote.getter : SwiftUI.Font
SwiftUI.Text.foregroundStyle<A where A: SwiftUI.ShapeStyle>(A) -> SwiftUI.Text
SwiftUI.Text.font(SwiftUI.Font?) -> SwiftUI.Text
nominal type descriptor for SwiftUI.Text
SwiftUI.Text.init(_: SwiftUI.LocalizedStringKey, tableName: Swift.String?, bundle: __C.NSBundle?, comment: Swift.StaticString?) -> SwiftUI.Text
SwiftUI.Text.init<A where A: Swift.StringProtocol>(A) -> SwiftUI.Text
protocol descriptor for SwiftUI.View
protocol descriptor for SwiftUI.Scene
nominal type descriptor for SwiftUI.VStack
protocol conformance descriptor for SwiftUI.VStack<A> : SwiftUI.View in SwiftUI
nominal type descriptor for SwiftUI.EmptyView
SwiftUI.LazyState.init(wrappedValue: @autoclosure () -> A) -> SwiftUI.LazyState<A>
SwiftUI.LazyState.wrappedValue.getter : A
SwiftUI.LazyState.wrappedValue.setter : A
nominal type descriptor for SwiftUI.LazyState.Storage
type metadata accessor for SwiftUI.LazyState
nominal type descriptor for SwiftUI.LazyState
associated type descriptor for Swift.CaseIterable.AllCases
type metadata accessor for Dispatch.DispatchWorkItemFlags
nominal type descriptor for Dispatch.DispatchWorkItemFlags
protocol conformance descriptor for Dispatch.DispatchWorkItemFlags : Swift.SetAlgebra in Dispatch
enum case for Dispatch.DispatchQoS.QoSClass.default(Dispatch.DispatchQoS.QoSClass.Type) -> Dispatch.DispatchQoS.QoSClass
type metadata accessor for Dispatch.DispatchQoS.QoSClass
static Dispatch.DispatchQoS.unspecified.getter : Dispatch.DispatchQoS
type metadata accessor for Dispatch.DispatchQoS
Dispatch.DispatchData.init(bytes: Swift.UnsafeRawBufferPointer) -> Dispatch.DispatchData
Dispatch.DispatchData.count.getter : Swift.Int
Dispatch.DispatchData.copyBytes(to: Swift.UnsafeMutableRawBufferPointer, count: Swift.Int) -> ()
type metadata accessor for Dispatch.DispatchData
nominal type descriptor for Dispatch.DispatchData
Dispatch.DispatchTime.uptimeNanoseconds.getter : Swift.UInt64
static Dispatch.DispatchTime.now() -> Dispatch.DispatchTime
type metadata accessor for Dispatch.DispatchTime
associated type descriptor for FoundationModels.LanguageModel.Executor
associated type descriptor for Swift.Sequence.Iterator
associated type descriptor for Swift.RawRepresentable.RawValue
dispatch thunk of CryptoKit.HashFunction.update(bufferPointer: Swift.UnsafeRawBufferPointer) -> ()
dispatch thunk of CryptoKit.HashFunction.finalize() -> A.Digest
dispatch thunk of CryptoKit.HashFunction.init() -> A
protocol conformance descriptor for CryptoKit.SHA256Digest : Foundation.ContiguousBytes in CryptoKit
type metadata accessor for CryptoKit.SHA256Digest
protocol conformance descriptor for CryptoKit.SHA256Digest : Swift.Sequence in CryptoKit
CryptoKit.SHA256.finalize() -> CryptoKit.SHA256Digest
protocol conformance descriptor for CryptoKit.SHA256 : CryptoKit.HashFunction in CryptoKit
CryptoKit.SHA256.init() -> CryptoKit.SHA256
type metadata accessor for CryptoKit.SHA256
value witness table for Builtin.UnknownObject
value witness table for Builtin.BridgeObject
value witness table for Builtin.Int128
value witness table for Builtin.Int16
value witness table for Builtin.Int32
value witness table for Builtin.Int64
value witness table for Builtin.Int8
value witness table for Builtin.NativeObject
value witness table for Builtin.RawPointer
Swift.Array.init() -> [A]
Swift.CancellationError.init() -> Swift.CancellationError
Swift.Set.init() -> Swift.Set<A>
(extension in Swift):Swift.BinaryFloatingPoint.init<A where A1: Swift.BinaryFloatingPoint>(A1) -> A
static (extension in Swift):Swift.BinaryFloatingPoint< where A.RawSignificand: Swift.FixedWidthInteger>.random<A where A1: Swift.RandomNumberGenerator>(in: Swift.Range<A>, using: inout A1) -> A
(extension in Foundation):Swift.Dictionary._bridgeToObjectiveC() -> __C.NSDictionary
static (extension in Foundation):Swift.Dictionary._unconditionallyBridgeFromObjectiveC(__C.NSDictionary?) -> [A : B]
Swift.Dictionary.description.getter : Swift.String
Swift.Dictionary.init(minimumCapacity: Swift.Int) -> [A : B]
Swift.Dictionary.init<A where A1: Swift.Sequence, A1.Element == (A, B)>(uniqueKeysWithValues: __owned A1) -> [A : B]
type metadata accessor for Swift.Dictionary.Keys
nominal type descriptor for Swift.Dictionary.Keys
protocol conformance descriptor for [A : B].Keys : Swift.Sequence in Swift
nominal type descriptor for Swift.Dictionary.Index
protocol conformance descriptor for [A : B].Index : Swift.Comparable in Swift
nominal type descriptor for Swift.Dictionary.Iterator
protocol conformance descriptor for [A : B].Iterator : Swift.IteratorProtocol in Swift
Swift.Dictionary._Variant.isUniquelyReferenced() -> Swift.Bool
type metadata accessor for Swift.Dictionary._Variant
type metadata accessor for Swift.Dictionary
(extension in Swift):Swift.Dictionary< where A: Swift.Encodable, B: Swift.Encodable>.encode(to: Swift.Encoder) throws -> ()
(extension in Swift):Swift.Dictionary< where A: Swift.Decodable, B: Swift.Decodable>.init(from: Swift.Decoder) throws -> [A : B]
Swift.Dictionary.subscript.getter : (A) -> B?
protocol conformance descriptor for < where A: Swift.Encodable, B: Swift.Encodable> [A : B] : Swift.Encodable in Swift
protocol conformance descriptor for [A : B] : Swift.Sequence in Swift
protocol conformance descriptor for < where A: Swift.Decodable, B: Swift.Decodable> [A : B] : Swift.Decodable in Swift
protocol conformance descriptor for [A : B] : Swift.Collection in Swift
method descriptor for Swift.Encodable.encode(to: Swift.Encoder) throws -> ()
protocol descriptor for Swift.Encodable
dispatch thunk of Swift.Hashable._rawHashValue(seed: Swift.Int) -> Swift.Int
method descriptor for Swift.Hashable._rawHashValue(seed: Swift.Int) -> Swift.Int
dispatch thunk of Swift.Hashable.hash(into: inout Swift.Hasher) -> ()
method descriptor for Swift.Hashable.hash(into: inout Swift.Hasher) -> ()
method descriptor for Swift.Hashable.hashValue.getter : Swift.Int
protocol descriptor for Swift.Hashable
base conformance descriptor for Swift.Hashable: Swift.Equatable
type metadata accessor for Swift.DefaultIndices
protocol conformance descriptor for < where A: Swift.BidirectionalCollection> Swift.DefaultIndices<A> : Swift.BidirectionalCollection in Swift
protocol conformance descriptor for Swift.DefaultIndices<A> : Swift.Sequence in Swift
protocol conformance descriptor for < where A: Swift.RandomAccessCollection> Swift.DefaultIndices<A> : Swift.RandomAccessCollection in Swift
protocol conformance descriptor for Swift.DefaultIndices<A> : Swift.Collection in Swift
Swift.Character.lowercased() -> Swift.String
Swift.Character.isWhitespace.getter : Swift.Bool
Swift.Character._isLowercased.getter : Swift.Bool
Swift.Character._isUppercased.getter : Swift.Bool
Swift.Character.hexDigitValue.getter : Swift.Int?
Swift.Character.isPunctuation.getter : Swift.Bool
Swift.Character.wholeNumberValue.getter : Swift.Int?
Swift.Character.write<A where A: Swift.TextOutputStream>(to: inout A) -> ()
Swift.Character.isLetter.getter : Swift.Bool
Swift.Character.isNumber.getter : Swift.Bool
protocol witness table for Swift.Character : Swift.Equatable in Swift
associated conformance descriptor for Swift.BidirectionalCollection.Swift.Collection.SubSequence: Swift.BidirectionalCollection
(extension in _StringProcessing):Swift.BidirectionalCollection< where A.SubSequence == Swift.Substring>.starts<A where A1: _StringProcessing.RegexComponent>(with: A1) -> Swift.Bool
(extension in _StringProcessing):Swift.BidirectionalCollection< where A.SubSequence == Swift.Substring>.contains<A where A1: _StringProcessing.RegexComponent>(A1) -> Swift.Bool
method descriptor for Swift.BidirectionalCollection.index(before: A.Index) -> A.Index
method descriptor for Swift.BidirectionalCollection.index(_: A.Index, offsetBy: Swift.Int, limitedBy: A.Index) -> A.Index?
method descriptor for Swift.BidirectionalCollection.index(_: A.Index, offsetBy: Swift.Int) -> A.Index
associated conformance descriptor for Swift.BidirectionalCollection.Swift.Collection.Indices: Swift.BidirectionalCollection
method descriptor for Swift.BidirectionalCollection.distance(from: A.Index, to: A.Index) -> Swift.Int
dispatch thunk of Swift.BidirectionalCollection.formIndex(before: inout A.Index) -> ()
method descriptor for Swift.BidirectionalCollection.formIndex(before: inout A.Index) -> ()
protocol descriptor for Swift.BidirectionalCollection
base conformance descriptor for Swift.BidirectionalCollection: Swift.Collection
(extension in Swift):Swift.BidirectionalCollection.last.getter : A.Element?
(extension in Swift):Swift.BidirectionalCollection< where A.Element == Swift.String>.joined(separator: Swift.String) -> Swift.String
dispatch thunk of static Swift.Comparable.> infix(A, A) -> Swift.Bool
method descriptor for static Swift.Comparable.> infix(A, A) -> Swift.Bool
dispatch thunk of static Swift.Comparable.< infix(A, A) -> Swift.Bool
method descriptor for static Swift.Comparable.< infix(A, A) -> Swift.Bool
dispatch thunk of static Swift.Comparable.>= infix(A, A) -> Swift.Bool
method descriptor for static Swift.Comparable.>= infix(A, A) -> Swift.Bool
dispatch thunk of static Swift.Comparable.<= infix(A, A) -> Swift.Bool
method descriptor for static Swift.Comparable.<= infix(A, A) -> Swift.Bool
protocol descriptor for Swift.Comparable
base conformance descriptor for Swift.Comparable: Swift.Equatable
static (extension in Swift):Swift.Comparable.> infix(A, A) -> Swift.Bool
static (extension in Swift):Swift.Comparable.>= infix(A, A) -> Swift.Bool
static (extension in Swift):Swift.Comparable.<= infix(A, A) -> Swift.Bool
associated conformance descriptor for Swift.MutableCollection.Swift.Collection.SubSequence: Swift.MutableCollection
method descriptor for Swift.MutableCollection.withContiguousMutableStorageIfAvailable<A>((inout Swift.UnsafeMutableBufferPointer<A.Element>) throws -> A1) throws -> A1?
method descriptor for Swift.MutableCollection._withUnsafeMutableBufferPointerIfSupported<A>((inout Swift.UnsafeMutableBufferPointer<A.Element>) throws -> A1) throws -> A1?
dispatch thunk of Swift.MutableCollection.swapAt(A.Index, A.Index) -> ()
method descriptor for Swift.MutableCollection.swapAt(A.Index, A.Index) -> ()
method descriptor for Swift.MutableCollection.partition(by: (A.Element) throws -> Swift.Bool) throws -> A.Index
protocol descriptor for Swift.MutableCollection
base conformance descriptor for Swift.MutableCollection: Swift.Collection
(extension in Swift):Swift.MutableCollection.withContiguousMutableStorageIfAvailable<A>((inout Swift.UnsafeMutableBufferPointer<A.Element>) throws -> A1) throws -> A1?
(extension in Swift):Swift.MutableCollection._withUnsafeMutableBufferPointerIfSupported<A>((inout Swift.UnsafeMutableBufferPointer<A.Element>) throws -> A1) throws -> A1?
(extension in Swift):Swift.MutableCollection.swapAt(A.Index, A.Index) -> ()
(extension in Swift):Swift.MutableCollection.subscript.getter : <A where A1: Swift.RangeExpression, A.Index == A1.Bound>(A1) -> A.SubSequence
(extension in Swift):Swift.MutableCollection< where A: Swift.BidirectionalCollection>.reverse() -> ()
(extension in Swift):Swift.MutableCollection< where A: Swift.BidirectionalCollection>.partition(by: (A.Swift.Sequence.Element) throws -> Swift.Bool) throws -> A.Swift.Collection.Index
(extension in Swift):Swift.MutableCollection< where A: Swift.RandomAccessCollection, A.Swift.Sequence.Element: Swift.Comparable>.sort() -> ()
(extension in Swift):Swift.MutableCollection< where A: Swift.RandomAccessCollection>.sort(by: (A.Swift.Sequence.Element, A.Swift.Sequence.Element) throws -> Swift.Bool) throws -> ()
(extension in Swift):Swift.MutableCollection< where A: Swift.RandomAccessCollection>.shuffle<A where A1: Swift.RandomNumberGenerator>(using: inout A1) -> ()
method descriptor for Swift.MutableCollection.subscript.modify : (Swift.Range<A.Index>) -> A.SubSequence
method descriptor for Swift.MutableCollection.subscript.setter : (Swift.Range<A.Index>) -> A.SubSequence
method descriptor for Swift.MutableCollection.subscript.modify : (A.Index) -> A.Element
method descriptor for Swift.MutableCollection.subscript.setter : (A.Index) -> A.Element
type metadata accessor for Swift.ClosedRange
type metadata for Swift.ObjectIdentifier
type metadata accessor for Swift.UnsafePointer
nominal type descriptor for Swift.UnsafePointer
dispatch thunk of static Swift.Equatable.== infix(A, A) -> Swift.Bool
method descriptor for static Swift.Equatable.== infix(A, A) -> Swift.Bool
protocol descriptor for Swift.Equatable
Swift.UnsafeBufferPointer._copyContents(initializing: Swift.UnsafeMutableBufferPointer<A>) -> (Swift.UnsafeBufferPointer<A>.Iterator, Swift.Int)
Swift.UnsafeBufferPointer.init(start: Swift.UnsafePointer<A>?, count: Swift.Int) -> Swift.UnsafeBufferPointer<A>
type metadata accessor for Swift.UnsafeBufferPointer.Iterator
type metadata accessor for Swift.UnsafeBufferPointer
Swift.UnsafeBufferPointer.init(Swift.UnsafeMutableBufferPointer<A>) -> Swift.UnsafeBufferPointer<A>
Swift.UnsafeBufferPointer.subscript.getter : (Swift.Range<Swift.Int>) -> Swift.Slice<Swift.UnsafeBufferPointer<A>>
protocol conformance descriptor for Swift.UnsafeBufferPointer<A> : Swift.Sequence in Swift
protocol conformance descriptor for Swift.UnsafeBufferPointer<A> : Swift.Collection in Swift
(extension in Foundation):Swift.String.init(contentsOf: __shared Foundation.URL, encoding: (extension in Foundation):Swift.String.Encoding) throws -> Swift.String
(extension in Foundation):Swift.String.init(contentsOfFile: __shared Swift.String, encoding: (extension in Foundation):Swift.String.Encoding) throws -> Swift.String
(extension in Foundation):Swift.String.init(utf16CodeUnits: Swift.UnsafePointer<Swift.UInt16>, count: Swift.Int) -> Swift.String
(extension in Foundation):Swift.String.LocalizationValue.init(stringLiteral: Swift.String) -> (extension in Foundation):Swift.String.LocalizationValue
(extension in Foundation):Swift.String.LocalizationValue.StringInterpolation.appendInterpolation<A where A: Foundation._FormatSpecifiable>(_: A, specifier: Swift.String) -> ()
(extension in Foundation):Swift.String.LocalizationValue.StringInterpolation.appendInterpolation(Swift.String) -> ()
(extension in Foundation):Swift.String.LocalizationValue.StringInterpolation.appendLiteral(Swift.String) -> ()
(extension in Foundation):Swift.String.LocalizationValue.StringInterpolation.init(literalCapacity: Swift.Int, interpolationCount: Swift.Int) -> (extension in Foundation):Swift.String.LocalizationValue.StringInterpolation
type metadata accessor for (extension in Foundation):Swift.String.LocalizationValue.StringInterpolation
(extension in Foundation):Swift.String.LocalizationValue.init(stringInterpolation: (extension in Foundation):Swift.String.LocalizationValue.StringInterpolation) -> (extension in Foundation):Swift.String.LocalizationValue
type metadata accessor for (extension in Foundation):Swift.String.LocalizationValue
(extension in Foundation):Swift.String._bridgeToObjectiveC() -> __C.NSString
static (extension in Foundation):Swift.String._forceBridgeFromObjectiveC(_: __C.NSString, result: inout Swift.String?) -> ()
static (extension in Foundation):Swift.String._conditionallyBridgeFromObjectiveC(_: __C.NSString, result: inout Swift.String?) -> Swift.Bool
static (extension in Foundation):Swift.String._unconditionallyBridgeFromObjectiveC(__C.NSString?) -> Swift.String
(extension in Foundation):Swift.String.data(using: (extension in Foundation):Swift.String.Encoding, allowLossyConversion: Swift.Bool) -> Foundation.Data?
(extension in Foundation):Swift.String.init(data: __shared Foundation.Data, encoding: (extension in Foundation):Swift.String.Encoding) -> Swift.String?
(extension in Foundation):Swift.String.init(format: __shared Swift.String, _: Swift.CVarArg...) -> Swift.String
static (extension in Foundation):Swift.String.Encoding.utf8.getter : (extension in Foundation):Swift.String.Encoding
type metadata accessor for (extension in Foundation):Swift.String.Encoding
(extension in Foundation):Swift.String.init(localized: (extension in Foundation):Swift.String.LocalizationValue, table: Swift.String?, bundle: __C.NSBundle?, locale: Foundation.Locale, comment: Swift.StaticString?) -> Swift.String
(extension in Foundation):Swift.String.init(__C.NSString) -> Swift.String
Swift.String.init<A>(describing: A) -> Swift.String
Swift.String.lowercased() -> Swift.String
Swift.String.init<A>(reflecting: A) -> Swift.String
Swift.String.uppercased() -> Swift.String
Swift.String.utf8CString.getter : Swift.ContiguousArray<Swift.Int8>
static Swift.String._fromSubstring(__shared Swift.Substring) -> Swift.String
Swift.String.removeSubrange(Swift.Range<Swift.String.Index>) -> ()
Swift.String.replaceSubrange<A where A: Swift.Collection, A.Element == Swift.Character>(_: Swift.Range<Swift.String.Index>, with: A) -> ()
Swift.String.reserveCapacity(Swift.Int) -> ()
Swift.String.UnicodeScalarView._foreignIndex(after: Swift.String.Index) -> Swift.String.Index
Swift.String.UnicodeScalarView._foreignIndex(before: Swift.String.Index) -> Swift.String.Index
Swift.String.UnicodeScalarView.append<A where A: Swift.Sequence, A.Element == Swift.Unicode.Scalar>(contentsOf: A) -> ()
Swift.String.UnicodeScalarView.append(Swift.Unicode.Scalar) -> ()
type metadata for Swift.String.UnicodeScalarView
protocol witness table for Swift.String.UnicodeScalarView : Swift.Sequence in Swift
Swift.String.UnicodeScalarView.subscript.getter : (Swift.Range<Swift.String.Index>) -> Swift.Substring.UnicodeScalarView
protocol conformance descriptor for Swift.String : _StringProcessing.RegexComponent in RegexBuilder
static Swift.String._fromUTF8Repairing(Swift.UnsafeBufferPointer<Swift.UInt8>) -> (result: Swift.String, repairsMade: Swift.Bool)
static Swift.String._uncheckedFromUTF8(Swift.UnsafeBufferPointer<Swift.UInt8>) -> Swift.String
Swift.String.init(unsafeUninitializedCapacity: Swift.Int, initializingUTF8With: (Swift.UnsafeMutableBufferPointer<Swift.UInt8>) throws -> Swift.Int) throws -> Swift.String
Swift.String.hash(into: inout Swift.Hasher) -> ()
nominal type descriptor for Swift.String.Index
Swift.String.count.getter : Swift.Int
Swift.String.index(after: Swift.String.Index) -> Swift.String.Index
Swift.String.index(before: Swift.String.Index) -> Swift.String.Index
Swift.String.index(_: Swift.String.Index, offsetBy: Swift.Int, limitedBy: Swift.String.Index) -> Swift.String.Index?
Swift.String.index(_: Swift.String.Index, offsetBy: Swift.Int) -> Swift.String.Index
Swift.String.append<A where A: Swift.Sequence, A.Element == Swift.Character>(contentsOf: A) -> ()
Swift.String.append(Swift.Character) -> ()
Swift.String.append(Swift.String) -> ()
Swift.String.insert(_: Swift.Character, at: Swift.String.Index) -> ()
Swift.String.remove(at: Swift.String.Index) -> Swift.Character
Swift.String.init(cString: Swift.UnsafePointer<Swift.Int8>) -> Swift.String
Swift.String.init(cString: Swift.UnsafePointer<Swift.UInt8>) -> Swift.String
Swift.String.Iterator.next() -> Swift.Character?
nominal type descriptor for Swift.String.Iterator
Swift.String.UTF8View._foreignCount() -> Swift.Int
Swift.String.UTF8View._foreignIndex(after: Swift.String.Index) -> Swift.String.Index
Swift.String.UTF8View._foreignIndex(_: Swift.String.Index, offsetBy: Swift.Int) -> Swift.String.Index
Swift.String.UTF8View._foreignDistance(from: Swift.String.Index, to: Swift.String.Index) -> Swift.Int
Swift.String.UTF8View._foreignSubscript(position: Swift.String.Index) -> Swift.UInt8
type metadata for Swift.String.UTF8View
Swift.String.distance(from: Swift.String.Index, to: Swift.String.Index) -> Swift.Int
Swift.String.UTF16View._foreignCount() -> Swift.Int
Swift.String.UTF16View._nativeGetOffset(for: Swift.String.Index) -> Swift.Int
Swift.String.UTF16View.count.getter : Swift.Int
Swift.String.UTF16View.index(_: Swift.String.Index, offsetBy: Swift.Int) -> Swift.String.Index
Swift.String.UTF16View.Iterator.next() -> Swift.UInt16?
static Swift.String._validate<A where A: Swift._UnicodeEncoding>(_: Swift.UnsafeBufferPointer<A.CodeUnit>, as: A.Type) -> Swift.String?
Swift.String.hasPrefix(Swift.String) -> Swift.Bool
Swift.String.hasSuffix(Swift.String) -> Swift.Bool
Swift.String.hashValue.getter : Swift.Int
Swift.String.init(repeating: Swift.String, count: Swift.Int) -> Swift.String
Swift.String.init(repeating: Swift.Character, count: Swift.Int) -> Swift.String
nominal type descriptor for Swift.String
type metadata for Swift.String
protocol witness table for Swift.String : Swift.Encodable in Swift
protocol witness table for Swift.String : Swift.Hashable in Swift
protocol conformance descriptor for Swift.String : Swift.BidirectionalCollection in Swift
protocol witness table for Swift.String : Swift.Sequence in Swift
protocol witness table for Swift.String : Swift.Decodable in Swift
protocol conformance descriptor for Swift.String : Swift.Collection in Swift
protocol conformance descriptor for Swift.String : Swift.RangeReplaceableCollection in Swift
protocol conformance descriptor for Swift.String : Swift.StringProtocol in Swift
Swift.String.init<A where A: Swift.BinaryInteger>(_: A, radix: Swift.Int, uppercase: Swift.Bool) -> Swift.String
protocol witness table for Swift.String : Swift.TextOutputStream in Swift
protocol witness table for Swift.String : Swift.LosslessStringConvertible in Swift
protocol witness table for Swift.String : Swift.ExpressibleByStringLiteral in Swift
protocol witness table for Swift.String : Swift._ExpressibleByBuiltinStringLiteral in Swift
protocol witness table for Swift.String : Swift._ExpressibleByBuiltinUnicodeScalarLiteral in Swift
protocol witness table for Swift.String : Swift._ExpressibleByBuiltinExtendedGraphemeClusterLiteral in Swift
protocol conformance descriptor for Swift.String : Swift.CVarArg in Foundation
Swift.String.subscript.getter : (Swift.String.Index) -> Swift.Character
Swift.String.init(Swift.Substring.UnicodeScalarView) -> Swift.String
Swift.String.init<A where A: Swift.Sequence, A.Element == Swift.Character>(A) -> Swift.String
Swift.String.init<A where A: Swift.LosslessStringConvertible, A: Swift.Sequence, A.Swift.Sequence.Element == Swift.Character>(A) -> Swift.String
Swift.String.subscript.getter : (Swift.Range<Swift.String.Index>) -> Swift.Substring
dispatch thunk of Swift.Sequence.makeIterator() -> A.Iterator
method descriptor for Swift.Sequence.makeIterator() -> A.Iterator
dispatch thunk of Swift.Sequence._copyContents(initializing: Swift.UnsafeMutableBufferPointer<A.Element>) -> (A.Iterator, Swift.Int)
method descriptor for Swift.Sequence._copyContents(initializing: Swift.UnsafeMutableBufferPointer<A.Element>) -> (A.Iterator, Swift.Int)
dispatch thunk of Swift.Sequence.underestimatedCount.getter : Swift.Int
method descriptor for Swift.Sequence.underestimatedCount.getter : Swift.Int
dispatch thunk of Swift.Sequence._copyToContiguousArray() -> Swift.ContiguousArray<A.Element>
method descriptor for Swift.Sequence._copyToContiguousArray() -> Swift.ContiguousArray<A.Element>
dispatch thunk of Swift.Sequence._customContainsEquatableElement(A.Element) -> Swift.Bool?
method descriptor for Swift.Sequence._customContainsEquatableElement(A.Element) -> Swift.Bool?
dispatch thunk of Swift.Sequence.withContiguousStorageIfAvailable<A>((Swift.UnsafeBufferPointer<A.Element>) throws -> A1) throws -> A1?
method descriptor for Swift.Sequence.withContiguousStorageIfAvailable<A>((Swift.UnsafeBufferPointer<A.Element>) throws -> A1) throws -> A1?
associated conformance descriptor for Swift.Sequence.Swift.Sequence.Iterator: Swift.IteratorProtocol
protocol descriptor for Swift.Sequence
protocol requirements base descriptor for Swift.Sequence
(extension in Swift):Swift.Sequence< where A == A.Swift.Sequence.Iterator>.makeIterator() -> A
(extension in Swift):Swift.Sequence.allSatisfy((A.Element) throws -> Swift.Bool) throws -> Swift.Bool
(extension in Swift):Swift.Sequence.compactMap<A>((A.Element) throws -> A1?) throws -> [A1]
(extension in Swift):Swift.Sequence.enumerated() -> Swift.EnumeratedSequence<A>
(extension in Swift):Swift.Sequence._copyContents(initializing: Swift.UnsafeMutableBufferPointer<A.Element>) -> (A.Iterator, Swift.Int)
(extension in Swift):Swift.Sequence.withContiguousStorageIfAvailable<A>((Swift.UnsafeBufferPointer<A.Element>) throws -> A1) throws -> A1?
(extension in Swift):Swift.Sequence.lazy.getter : Swift.LazySequence<A>
(extension in Swift):Swift.Sequence.reduce<A>(into: __owned A1, _: (inout A1, A.Element) throws -> ()) throws -> A1
(extension in Swift):Swift.Sequence.reduce<A>(A1, (A1, A.Element) throws -> A1) throws -> A1
(extension in Swift):Swift.Sequence.sorted(by: (A.Element, A.Element) throws -> Swift.Bool) throws -> [A.Element]
(extension in Swift):Swift.Sequence.contains(where: (A.Element) throws -> Swift.Bool) throws -> Swift.Bool
(extension in Swift):Swift.Sequence< where A.Element: Swift.Equatable>.elementsEqual<A where A1: Swift.Sequence, A.Element == A1.Element>(A1) -> Swift.Bool
(extension in Swift):Swift.Sequence< where A.Element: Swift.Equatable>.contains(A.Element) -> Swift.Bool
nominal type descriptor for Swift.UnsafeRawPointer
dispatch thunk of Swift.RangeExpression.relative<A where A1: Swift.Collection, A.Bound == A1.Index>(to: A1) -> Swift.Range<A.Bound>
dispatch thunk of Swift.RawRepresentable.rawValue.getter : A.RawValue
method descriptor for Swift.RawRepresentable.rawValue.getter : A.RawValue
dispatch thunk of Swift.RawRepresentable.init(rawValue: A.RawValue) -> A?
method descriptor for Swift.RawRepresentable.init(rawValue: A.RawValue) -> A?
protocol descriptor for Swift.RawRepresentable
protocol requirements base descriptor for Swift.RawRepresentable
(extension in Swift):Swift.RawRepresentable< where A: Swift.Encodable, A.Swift.RawRepresentable.RawValue == Swift.String>.encode(to: Swift.Encoder) throws -> ()
(extension in Swift):Swift.RawRepresentable< where A: Swift.Encodable, A.Swift.RawRepresentable.RawValue == Swift.Int>.encode(to: Swift.Encoder) throws -> ()
(extension in Swift):Swift.RawRepresentable< where A: Swift.Decodable, A.Swift.RawRepresentable.RawValue == Swift.String>.init(from: Swift.Decoder) throws -> A
(extension in Swift):Swift.RawRepresentable< where A: Swift.Decodable, A.Swift.RawRepresentable.RawValue == Swift.Int>.init(from: Swift.Decoder) throws -> A
generic pre-specialization <Swift.AnyObject> of Swift.Array._makeUniqueAndReserveCapacityIfNotUnique() -> ()
(extension in Foundation):Swift.Array._bridgeToObjectiveC() -> __C.NSArray
static (extension in Foundation):Swift.Array._unconditionallyBridgeFromObjectiveC(__C.NSArray?) -> [A]
Swift.Array.description.getter : Swift.String
static Swift.Array._adoptStorage(_: __owned Swift._ContiguousArrayStorage<A>, count: Swift.Int) -> ([A], Swift.UnsafeMutablePointer<A>)
Swift.Array.reserveCapacity(Swift.Int) -> ()
Swift.Array.withUnsafeBytes<A>((Swift.UnsafeRawBufferPointer) throws -> A1) throws -> A1
generic pre-specialization <Swift.AnyObject> of Swift.Array._createNewBuffer(bufferIsUnique: Swift.Bool, minimumCapacity: Swift.Int, growForAppend: Swift.Bool) -> ()
Swift.Array._makeMutableAndUnique() -> ()
static Swift.Array._allocateUninitialized(Swift.Int) -> ([A], Swift.UnsafeMutablePointer<A>)
static Swift.Array._allocateBufferUninitialized(minimumCapacity: Swift.Int) -> Swift._ArrayBuffer<A>
generic pre-specialization <Swift.AnyObject> of Swift.Array._appendElementAssumeUniqueAndCapacity(_: Swift.Int, newElement: __owned A) -> ()
Swift.Array.count.getter : Swift.Int
Swift.Array.append<A where A == A1.Element, A1: Swift.Sequence>(contentsOf: __owned A1) -> ()
Swift.Array.append(__owned A) -> ()
Swift.Array.remove(at: Swift.Int) -> A
Swift.Array.endIndex.getter : Swift.Int
Swift.Array.removeAll(keepingCapacity: Swift.Bool) -> ()
type metadata accessor for Swift.Array
static (extension in Swift):Swift.Array<A where A: Swift.Equatable>.== infix([A], [A]) -> Swift.Bool
Swift.Array.init<A where A == A1.Element, A1: Swift.Sequence>(A1) -> [A]
protocol conformance descriptor for <A where A: Swift.Encodable> [A] : Swift.Encodable in Swift
protocol conformance descriptor for [A] : Swift.BidirectionalCollection in Swift
protocol conformance descriptor for [A] : Swift.MutableCollection in Swift
protocol conformance descriptor for [A] : Swift.Sequence in Swift
protocol conformance descriptor for <A where A: Swift.Decodable> [A] : Swift.Decodable in Swift
protocol conformance descriptor for [A] : Swift.RandomAccessCollection in Swift
protocol conformance descriptor for [A] : Swift.Collection in Swift
protocol conformance descriptor for [A] : Swift.RangeReplaceableCollection in Swift
protocol conformance descriptor for [A] : Swift.CustomStringConvertible in Swift
Swift.Array.subscript.getter : (Swift.Int) -> A
nominal type descriptor for Swift.Bool
type metadata for Swift.Bool
protocol witness table for Swift.Bool : Swift.Hashable in Swift
protocol witness table for Swift.Bool : Swift._ExpressibleByBuiltinBooleanLiteral in Swift
dispatch thunk of Swift.Actor.unownedExecutor.getter : Swift.UnownedSerialExecutor
method descriptor for Swift.Actor.unownedExecutor.getter : Swift.UnownedSerialExecutor
protocol descriptor for Swift.Actor
Swift.CheckedContinuation.init(continuation: Swift.UnsafeContinuation<A, B>, function: Swift.String) -> Swift.CheckedContinuation<A, B>
Swift.CheckedContinuation.resume(throwing: __owned B) -> ()
Swift.CheckedContinuation.resume(returning: __owned A) -> ()
type metadata accessor for Swift.CancellationError
protocol conformance descriptor for Swift.CancellationError : Swift.Error in Swift
method descriptor for Swift.Executor.enqueue(Swift.UnownedJob) -> ()
method descriptor for Swift.Executor.enqueue(__owned Swift.ExecutorJob) -> ()
method descriptor for Swift.Executor.enqueue(__owned Swift.Job) -> ()
protocol descriptor for Swift.Executor
dispatch thunk of Swift.AsyncIteratorProtocol.next() async throws -> A.Element?
async function pointer to dispatch thunk of Swift.AsyncIteratorProtocol.next() async throws -> A.Element?
method descriptor for Swift.AsyncIteratorProtocol.next() async throws -> A.Element?
dispatch thunk of Swift.AsyncIteratorProtocol.next(isolation: isolated Swift.Actor?) async throws(A.Failure) -> A.Element?
async function pointer to dispatch thunk of Swift.AsyncIteratorProtocol.next(isolation: isolated Swift.Actor?) async throws(A.Failure) -> A.Element?
method descriptor for Swift.AsyncIteratorProtocol.next(isolation: isolated Swift.Actor?) async throws(A.Failure) -> A.Element?
associated conformance descriptor for Swift.AsyncIteratorProtocol.Swift.AsyncIteratorProtocol.Failure: Swift.Error
protocol descriptor for Swift.AsyncIteratorProtocol
protocol requirements base descriptor for Swift.AsyncIteratorProtocol
(extension in Swift):Swift.AsyncIteratorProtocol.next(isolation: isolated Swift.Actor?) async throws(A.Failure) -> A.Element?
async function pointer to (extension in Swift):Swift.AsyncIteratorProtocol.next(isolation: isolated Swift.Actor?) async throws(A.Failure) -> A.Element?
Swift.UnownedJob.init(__owned Swift.ExecutorJob) -> Swift.UnownedJob
Swift.UnownedJob.init(__owned Swift.Job) -> Swift.UnownedJob
static Swift.MainActor.shared.getter : Swift.MainActor
type metadata accessor for Swift.MainActor
protocol conformance descriptor for Swift.MainActor : Swift.Actor in Swift
protocol witness table for Swift.MainActor : Swift.Actor in Swift
static Swift.TaskPriority.userInitiated.getter : Swift.TaskPriority
Swift.TaskPriority.rawValue.getter : Swift.UInt8
type metadata accessor for Swift.TaskPriority
type metadata accessor for Swift.AsyncStream.Continuation.YieldResult
enum case for Swift.AsyncStream.Continuation.BufferingPolicy.unbounded<A>(Swift.AsyncStream<A>.Continuation.BufferingPolicy.Type) -> Swift.AsyncStream<A>.Continuation.BufferingPolicy
type metadata accessor for Swift.AsyncStream.Continuation.BufferingPolicy
Swift.AsyncStream.Continuation.yield(__owned A) -> Swift.AsyncStream<A>.Continuation.YieldResult
Swift.AsyncStream.Continuation.finish() -> ()
type metadata accessor for Swift.AsyncStream.Continuation
nominal type descriptor for Swift.AsyncStream.Continuation
Swift.AsyncStream.makeAsyncIterator() -> Swift.AsyncStream<A>.Iterator
Swift.AsyncStream.Iterator.next() async -> A?
async function pointer to Swift.AsyncStream.Iterator.next() async -> A?
type metadata accessor for Swift.AsyncStream.Iterator
nominal type descriptor for Swift.AsyncStream.Iterator
type metadata accessor for Swift.AsyncStream
Swift.AsyncStream.init(_: A.Type, bufferingPolicy: Swift.AsyncStream<A>.Continuation.BufferingPolicy, _: (Swift.AsyncStream<A>.Continuation) -> ()) -> Swift.AsyncStream<A>
Swift.Task.cancel() -> ()
Swift.Task.result.getter : Swift.Result<A, B>
async function pointer to Swift.Task.result.getter : Swift.Result<A, B>
(extension in Swift):Swift.Task< where B == Swift.Never>.value.getter : A
async function pointer to (extension in Swift):Swift.Task< where B == Swift.Never>.value.getter : A
static (extension in Swift):Swift.Task< where A == Swift.Never, B == Swift.Never>.isCancelled.getter : Swift.Bool
static (extension in Swift):Swift.Task< where A == Swift.Never, B == Swift.Never>.currentPriority.getter : Swift.TaskPriority
static (extension in Swift):Swift.Task< where A == Swift.Never, B == Swift.Never>.checkCancellation() throws -> ()
static (extension in Swift):Swift.Task< where A == Swift.Never, B == Swift.Never>.sleep(nanoseconds: Swift.UInt64) async throws -> ()
async function pointer to static (extension in Swift):Swift.Task< where A == Swift.Never, B == Swift.Never>.sleep(nanoseconds: Swift.UInt64) async throws -> ()
static (extension in Swift):Swift.Task< where A == Swift.Never, B == Swift.Never>.yield() async -> ()
async function pointer to static (extension in Swift):Swift.Task< where A == Swift.Never, B == Swift.Never>.yield() async -> ()
type metadata accessor for Swift.UnsafeContinuation
Swift.UnownedSerialExecutor.init<A where A: Swift.SerialExecutor>(complexEquality: __shared A) -> Swift.UnownedSerialExecutor
method descriptor for Swift.SerialExecutor.checkIsolated() -> ()
dispatch thunk of Swift.SerialExecutor.asUnownedSerialExecutor() -> Swift.UnownedSerialExecutor
method descriptor for Swift.SerialExecutor.asUnownedSerialExecutor() -> Swift.UnownedSerialExecutor
method descriptor for Swift.SerialExecutor.isIsolatingCurrentContext() -> Swift.Bool?
method descriptor for Swift.SerialExecutor.isSameExclusiveExecutionContext(other: A) -> Swift.Bool
method descriptor for Swift.SerialExecutor.enqueue(Swift.UnownedJob) -> ()
method descriptor for Swift.SerialExecutor.enqueue(__owned Swift.ExecutorJob) -> ()
method descriptor for Swift.SerialExecutor.enqueue(__owned Swift.Job) -> ()
protocol descriptor for Swift.SerialExecutor
base conformance descriptor for Swift.SerialExecutor: Swift.Executor
(extension in Swift):Swift.SerialExecutor.checkIsolated() -> ()
(extension in Swift):Swift.SerialExecutor.isIsolatingCurrentContext() -> Swift.Bool?
Swift.ThrowingTaskGroup.makeAsyncIterator() -> Swift.ThrowingTaskGroup<A, B>.Iterator
Swift.ThrowingTaskGroup.awaitAllRemainingTasks() async -> ()
async function pointer to Swift.ThrowingTaskGroup.awaitAllRemainingTasks() async -> ()
Swift.ThrowingTaskGroup.next(isolation: isolated Swift.Actor?) async throws -> A?
async function pointer to Swift.ThrowingTaskGroup.next(isolation: isolated Swift.Actor?) async throws -> A?
Swift.ThrowingTaskGroup.Iterator.next() async throws -> A?
async function pointer to Swift.ThrowingTaskGroup.Iterator.next() async throws -> A?
nominal type descriptor for Swift.ThrowingTaskGroup.Iterator
Swift.ThrowingTaskGroup.cancelAll() -> ()
associated conformance descriptor for Swift.AsyncSequence.Swift.AsyncSequence.AsyncIterator: Swift.AsyncIteratorProtocol
dispatch thunk of Swift.AsyncSequence.makeAsyncIterator() -> A.AsyncIterator
method descriptor for Swift.AsyncSequence.makeAsyncIterator() -> A.AsyncIterator
protocol descriptor for Swift.AsyncSequence
protocol requirements base descriptor for Swift.AsyncSequence
static Swift.AsyncThrowingStream.makeStream< where B == Swift.Error>(of: A.Type, throwing: Swift.Error.Protocol, bufferingPolicy: Swift.AsyncThrowingStream<A, Swift.Error>.Continuation.BufferingPolicy) -> (stream: Swift.AsyncThrowingStream<A, Swift.Error>, continuation: Swift.AsyncThrowingStream<A, Swift.Error>.Continuation)
type metadata accessor for Swift.AsyncThrowingStream.Continuation.YieldResult
nominal type descriptor for Swift.AsyncThrowingStream.Continuation.YieldResult
Swift.AsyncThrowingStream.Continuation.onTermination.setter : (@Sendable (Swift.AsyncThrowingStream<A, B>.Continuation.Termination) -> ())?
enum case for Swift.AsyncThrowingStream.Continuation.BufferingPolicy.unbounded<A, B where B: Swift.Error>(Swift.AsyncThrowingStream<A, B>.Continuation.BufferingPolicy.Type) -> Swift.AsyncThrowingStream<A, B>.Continuation.BufferingPolicy
type metadata accessor for Swift.AsyncThrowingStream.Continuation.BufferingPolicy
nominal type descriptor for Swift.AsyncThrowingStream.Continuation.BufferingPolicy
Swift.AsyncThrowingStream.Continuation.yield(__owned A) -> Swift.AsyncThrowingStream<A, B>.Continuation.YieldResult
Swift.AsyncThrowingStream.Continuation.finish(throwing: __owned B?) -> ()
type metadata accessor for Swift.AsyncThrowingStream.Continuation
nominal type descriptor for Swift.AsyncThrowingStream.Continuation
Swift.AsyncThrowingStream.makeAsyncIterator() -> Swift.AsyncThrowingStream<A, B>.Iterator
Swift.AsyncThrowingStream.Iterator.next(isolation: isolated Swift.Actor?) async throws(B) -> A?
async function pointer to Swift.AsyncThrowingStream.Iterator.next(isolation: isolated Swift.Actor?) async throws(B) -> A?
Swift.AsyncThrowingStream.Iterator.next() async throws -> A?
async function pointer to Swift.AsyncThrowingStream.Iterator.next() async throws -> A?
type metadata accessor for Swift.AsyncThrowingStream.Iterator
nominal type descriptor for Swift.AsyncThrowingStream.Iterator
type metadata accessor for Swift.AsyncThrowingStream
Swift.AsyncThrowingStream.init< where B == Swift.Error>(_: A.Type, bufferingPolicy: Swift.AsyncThrowingStream<A, Swift.Error>.Continuation.BufferingPolicy, _: (Swift.AsyncThrowingStream<A, Swift.Error>.Continuation) -> ()) -> Swift.AsyncThrowingStream<A, Swift.Error>
Swift.UnsafeCurrentTask.hash(into: inout Swift.Hasher) -> ()
type metadata accessor for Swift.UnsafeCurrentTask
(extension in Foundation):Swift.Double._bridgeToObjectiveC() -> __C.NSNumber
Swift.Double.description.getter : Swift.String
Swift.Double.write<A where A: Swift.TextOutputStream>(to: inout A) -> ()
type metadata for Swift.Double
protocol witness table for Swift.Double : Swift.Encodable in Swift
protocol witness table for Swift.Double : Swift.Decodable in Swift
protocol witness table for Swift.Double : Swift._ExpressibleByBuiltinFloatLiteral in Swift
protocol witness table for Swift.Double : Swift.CVarArg in Swift
method descriptor for Swift.Decodable.init(from: Swift.Decoder) throws -> A
protocol descriptor for Swift.Decodable
Swift.Float.description.getter : Swift.String
Swift.Float.write<A where A: Swift.TextOutputStream>(to: inout A) -> ()
protocol witness table for Swift.Float : CoreML.MLTensorScalar in CoreML
protocol witness table for Swift.Float : CoreML.MLShapedArrayScalar in CoreML
type metadata for Swift.Float
protocol conformance descriptor for Swift.Float : Swift.BinaryFloatingPoint in Swift
protocol witness table for Swift.Float : Swift.Numeric in Swift
protocol witness table for Swift.Float : Swift._ExpressibleByBuiltinFloatLiteral in Swift
protocol witness table for Swift.Float : Swift.CVarArg in Swift
static (extension in Foundation):Swift.Set._unconditionallyBridgeFromObjectiveC(__C.NSSet?) -> Swift.Set<A>
Swift.Set.intersection(Swift.Set<A>) -> Swift.Set<A>
Swift.Set.init(minimumCapacity: Swift.Int) -> Swift.Set<A>
Swift.Set.formIntersection<A where A == A1.Element, A1: Swift.Sequence>(A1) -> ()
Swift.Set.symmetricDifference<A where A == A1.Element, A1: Swift.Sequence>(__owned A1) -> Swift.Set<A>
Swift.Set.formSymmetricDifference(__owned Swift.Set<A>) -> ()
static Swift.Set.== infix(Swift.Set<A>, Swift.Set<A>) -> Swift.Bool
Swift.Set.hash(into: inout Swift.Hasher) -> ()
Swift.Set.count.getter : Swift.Int
Swift.Set.union<A where A == A1.Element, A1: Swift.Sequence>(__owned A1) -> Swift.Set<A>
Swift.Set.insert(__owned A) -> (inserted: Swift.Bool, memberAfterInsert: A)
Swift.Set.remove(A) -> A?
Swift.Set.update(with: __owned A) -> A?
Swift.Set.init(_native: __owned Swift._NativeSet<A>) -> Swift.Set<A>
Swift.Set.isEmpty.getter : Swift.Bool
Swift.Set.Iterator.init(_cocoa: __owned Swift.__CocoaSet.Iterator) -> Swift.Set<A>.Iterator
Swift.Set.Iterator.init(_native: __owned Swift._NativeSet<A>.Iterator) -> Swift.Set<A>.Iterator
Swift.Set.contains(A) -> Swift.Bool
Swift.Set.isSubset<A where A == A1.Element, A1: Swift.Sequence>(of: A1) -> Swift.Bool
Swift.Set.formUnion<A where A == A1.Element, A1: Swift.Sequence>(__owned A1) -> ()
type metadata accessor for Swift.Set
nominal type descriptor for Swift.Set
Swift.Set.init<A where A == A1.Element, A1: Swift.Sequence>(__owned A1) -> Swift.Set<A>
protocol conformance descriptor for Swift.Set<A> : Swift.Sequence in Swift
protocol conformance descriptor for Swift.Set<A> : Swift.Collection in Swift
protocol witness table for Swift.Int : Foundation._FormatSpecifiable in Foundation
(extension in Foundation):Swift.Int._bridgeToObjectiveC() -> __C.NSNumber
protocol witness table for Swift.Int : CoreML.MLTensorRangeExpression in CoreML
nominal type descriptor for Swift.Int
type metadata for Swift.Int
protocol witness table for Swift.Int : Swift.Encodable in Swift
protocol witness table for Swift.Int : Swift.Hashable in Swift
protocol witness table for Swift.Int : Swift.Comparable in Swift
protocol conformance descriptor for Swift.Int : Swift.SignedInteger in Swift
protocol witness table for Swift.Int : Swift.Decodable in Swift
protocol witness table for Swift.Int : Swift.Strideable in Swift
protocol conformance descriptor for Swift.Int : Swift.BinaryInteger in Swift
protocol conformance descriptor for Swift.Int : Swift.FixedWidthInteger in Swift
protocol witness table for Swift.Int : Swift.CustomStringConvertible in Swift
protocol witness table for Swift.Int : Swift._ExpressibleByBuiltinIntegerLiteral in Swift
protocol witness table for Swift.Int : Swift.CVarArg in Swift
dispatch thunk of Swift.Numeric.init<A where A1: Swift.BinaryInteger>(exactly: A1) -> A?
associated conformance descriptor for Swift.RandomAccessCollection.Swift.Collection.SubSequence: Swift.RandomAccessCollection
method descriptor for Swift.RandomAccessCollection.index(_: A.Index, offsetBy: Swift.Int, limitedBy: A.Index) -> A.Index?
dispatch thunk of Swift.RandomAccessCollection.index(_: A.Index, offsetBy: Swift.Int) -> A.Index
method descriptor for Swift.RandomAccessCollection.index(_: A.Index, offsetBy: Swift.Int) -> A.Index
associated conformance descriptor for Swift.RandomAccessCollection.Swift.Collection.Indices: Swift.RandomAccessCollection
dispatch thunk of Swift.RandomAccessCollection.distance(from: A.Index, to: A.Index) -> Swift.Int
method descriptor for Swift.RandomAccessCollection.distance(from: A.Index, to: A.Index) -> Swift.Int
protocol descriptor for Swift.RandomAccessCollection
base conformance descriptor for Swift.RandomAccessCollection: Swift.BidirectionalCollection
(extension in Swift):Swift.RandomAccessCollection.index(_: A.Index, offsetBy: Swift.Int, limitedBy: A.Index) -> A.Index?
(extension in Swift):Swift.RandomAccessCollection< where A.Index: Swift.Strideable, A.Indices == Swift.Range<A.Index>, A.Index.Stride == Swift.Int>.index(after: A.Index) -> A.Index
(extension in Swift):Swift.RandomAccessCollection< where A.Index: Swift.Strideable, A.Indices == Swift.Range<A.Index>, A.Index.Stride == Swift.Int>.index(before: A.Index) -> A.Index
(extension in Swift):Swift.RandomAccessCollection< where A.Index: Swift.Strideable, A.Indices == Swift.Range<A.Index>, A.Index.Stride == Swift.Int>.index(_: A.Index, offsetBy: Swift.Int) -> A.Index
(extension in Swift):Swift.RandomAccessCollection< where A.Index: Swift.Strideable, A.Indices == Swift.Range<A.Index>, A.Index.Stride == Swift.Int>.indices.getter : Swift.Range<A.Index>
(extension in Swift):Swift.RandomAccessCollection< where A.Index: Swift.Strideable, A.Indices == Swift.Range<A.Index>, A.Index.Stride == Swift.Int>.distance(from: A.Index, to: A.Index) -> Swift.Int
dispatch thunk of Swift.Collection.startIndex.getter : A.Index
method descriptor for Swift.Collection.startIndex.getter : A.Index
associated conformance descriptor for Swift.Collection.Swift.Collection.SubSequence: Swift.Collection
(extension in _StringProcessing):Swift.Collection< where A.Element: Swift.Equatable>.trimmingPrefix<A where A1: Swift.Sequence, A.Element == A1.Element>(A1) -> A.SubSequence
method descriptor for Swift.Collection._failEarlyRangeCheck(_: A.Index, bounds: Swift.ClosedRange<A.Index>) -> ()
method descriptor for Swift.Collection._failEarlyRangeCheck(_: A.Index, bounds: Swift.Range<A.Index>) -> ()
dispatch thunk of Swift.Collection._failEarlyRangeCheck(_: Swift.Range<A.Index>, bounds: Swift.Range<A.Index>) -> ()
method descriptor for Swift.Collection._failEarlyRangeCheck(_: Swift.Range<A.Index>, bounds: Swift.Range<A.Index>) -> ()
method descriptor for Swift.Collection._customIndexOfEquatableElement(A.Element) -> A.Index??
method descriptor for Swift.Collection._customLastIndexOfEquatableElement(A.Element) -> A.Index??
associated conformance descriptor for Swift.Collection.Swift.Collection.Index: Swift.Comparable
dispatch thunk of Swift.Collection.count.getter : Swift.Int
method descriptor for Swift.Collection.count.getter : Swift.Int
dispatch thunk of Swift.Collection.index(after: A.Index) -> A.Index
method descriptor for Swift.Collection.index(after: A.Index) -> A.Index
method descriptor for Swift.Collection.index(_: A.Index, offsetBy: Swift.Int, limitedBy: A.Index) -> A.Index?
dispatch thunk of Swift.Collection.index(_: A.Index, offsetBy: Swift.Int) -> A.Index
method descriptor for Swift.Collection.index(_: A.Index, offsetBy: Swift.Int) -> A.Index
associated conformance descriptor for Swift.Collection.Swift.Collection.Indices: Swift.Collection
dispatch thunk of Swift.Collection.indices.getter : A.Indices
method descriptor for Swift.Collection.indices.getter : A.Indices
dispatch thunk of Swift.Collection.isEmpty.getter : Swift.Bool
method descriptor for Swift.Collection.isEmpty.getter : Swift.Bool
dispatch thunk of Swift.Collection.distance(from: A.Index, to: A.Index) -> Swift.Int
method descriptor for Swift.Collection.distance(from: A.Index, to: A.Index) -> Swift.Int
dispatch thunk of Swift.Collection.endIndex.getter : A.Index
method descriptor for Swift.Collection.endIndex.getter : A.Index
dispatch thunk of Swift.Collection.formIndex(after: inout A.Index) -> ()
method descriptor for Swift.Collection.formIndex(after: inout A.Index) -> ()
protocol descriptor for Swift.Collection
base conformance descriptor for Swift.Collection: Swift.Sequence
protocol requirements base descriptor for Swift.Collection
(extension in Swift):Swift.Collection.firstIndex(where: (A.Element) throws -> Swift.Bool) throws -> A.Index?
(extension in Swift):Swift.Collection.underestimatedCount.getter : Swift.Int
(extension in Swift):Swift.Collection.count.getter : Swift.Int
(extension in Swift):Swift.Collection.first.getter : A.Element?
(extension in Swift):Swift.Collection.split(maxSplits: Swift.Int, omittingEmptySubsequences: Swift.Bool, whereSeparator: (A.Element) throws -> Swift.Bool) throws -> [A.SubSequence]
(extension in Swift):Swift.Collection.prefix(Swift.Int) -> A.SubSequence
(extension in Swift):Swift.Collection.isEmpty.getter : Swift.Bool
(extension in Swift):Swift.Collection.dropFirst(Swift.Int) -> A.SubSequence
(extension in Swift):Swift.Collection.subscript.getter : <A where A1: Swift.RangeExpression, A.Index == A1.Bound>(A1) -> A.SubSequence
(extension in Swift):Swift.Collection< where A.Indices == Swift.DefaultIndices<A>>.indices.getter : Swift.DefaultIndices<A>
(extension in Swift):Swift.Collection< where A.Element: Swift.Equatable>.firstIndex(of: A.Element) -> A.Index?
(extension in Swift):Swift.Collection< where A.SubSequence == Swift.Slice<A>>.subscript.getter : (Swift.Range<A.Index>) -> Swift.Slice<A>
method descriptor for Swift.Collection.subscript.getter : (Swift.Range<A.Index>) -> A.SubSequence
dispatch thunk of Swift.Collection.subscript.read : (A.Index) -> A.Element
method descriptor for Swift.Collection.subscript.read : (A.Index) -> A.Element
associated conformance descriptor for Swift.RangeReplaceableCollection.Swift.Collection.SubSequence: Swift.RangeReplaceableCollection
method descriptor for Swift.RangeReplaceableCollection.removeFirst() -> A.Element
method descriptor for Swift.RangeReplaceableCollection.removeFirst(Swift.Int) -> ()
method descriptor for Swift.RangeReplaceableCollection.removeSubrange(Swift.Range<A.Index>) -> ()
method descriptor for Swift.RangeReplaceableCollection.replaceSubrange<A where A1: Swift.Collection, A.Element == A1.Element>(_: Swift.Range<A.Index>, with: __owned A1) -> ()
method descriptor for Swift.RangeReplaceableCollection.reserveCapacity(Swift.Int) -> ()
(extension in _StringProcessing):Swift.RangeReplaceableCollection< where A.SubSequence == Swift.Substring>.replacing<A, B, C where A1 == C1.RegexOutput, B1: Swift.Collection, C1: _StringProcessing.RegexComponent, B1.Element == Swift.Character>(_: C1, maxReplacements: Swift.Int, with: (_StringProcessing.Regex<A1>.Match) throws -> B1) throws -> A
(extension in _StringProcessing):Swift.RangeReplaceableCollection< where A.SubSequence == Swift.Substring>.replacing<A, B where A1: Swift.Collection, B1: _StringProcessing.RegexComponent, A1.Element == Swift.Character>(_: B1, with: A1, maxReplacements: Swift.Int) -> A
method descriptor for Swift.RangeReplaceableCollection._customRemoveLast() -> A.Element?
method descriptor for Swift.RangeReplaceableCollection._customRemoveLast(Swift.Int) -> Swift.Bool
method descriptor for Swift.RangeReplaceableCollection.append<A where A1: Swift.Sequence, A.Element == A1.Element>(contentsOf: __owned A1) -> ()
dispatch thunk of Swift.RangeReplaceableCollection.append(__owned A.Element) -> ()
method descriptor for Swift.RangeReplaceableCollection.append(__owned A.Element) -> ()
method descriptor for Swift.RangeReplaceableCollection.insert<A where A1: Swift.Collection, A.Element == A1.Element>(contentsOf: __owned A1, at: A.Index) -> ()
method descriptor for Swift.RangeReplaceableCollection.insert(_: __owned A.Element, at: A.Index) -> ()
method descriptor for Swift.RangeReplaceableCollection.remove(at: A.Index) -> A.Element
method descriptor for Swift.RangeReplaceableCollection.removeAll(keepingCapacity: Swift.Bool) -> ()
method descriptor for Swift.RangeReplaceableCollection.removeAll(where: (A.Element) throws -> Swift.Bool) throws -> ()
method descriptor for Swift.RangeReplaceableCollection.init(repeating: A.Element, count: Swift.Int) -> A
protocol descriptor for Swift.RangeReplaceableCollection
base conformance descriptor for Swift.RangeReplaceableCollection: Swift.Collection
(extension in Swift):Swift.RangeReplaceableCollection.removeFirst(Swift.Int) -> ()
(extension in Swift):Swift.RangeReplaceableCollection.removeSubrange(Swift.Range<A.Index>) -> ()
(extension in Swift):Swift.RangeReplaceableCollection.append<A where A1: Swift.Sequence, A.Element == A1.Element>(contentsOf: __owned A1) -> ()
(extension in Swift):Swift.RangeReplaceableCollection.insert<A where A1: Swift.Collection, A.Element == A1.Element>(contentsOf: __owned A1, at: A.Index) -> ()
(extension in Swift):Swift.RangeReplaceableCollection.insert(_: __owned A.Element, at: A.Index) -> ()
(extension in Swift):Swift.RangeReplaceableCollection.applying(Swift.CollectionDifference<A.Element>) -> A?
(extension in Swift):Swift.RangeReplaceableCollection.init(repeating: A.Element, count: Swift.Int) -> A
(extension in Swift):Swift.RangeReplaceableCollection.init<A where A1: Swift.Sequence, A.Element == A1.Element>(A1) -> A
(extension in Swift):Swift.RangeReplaceableCollection< where A: Swift.BidirectionalCollection, A == A.Swift.Collection.SubSequence>._customRemoveLast() -> A.Swift.Sequence.Element?
(extension in Swift):Swift.RangeReplaceableCollection< where A: Swift.BidirectionalCollection, A == A.Swift.Collection.SubSequence>._customRemoveLast(Swift.Int) -> Swift.Bool
(extension in Swift):Swift.RangeReplaceableCollection< where A: Swift.BidirectionalCollection>.removeLast() -> A.Swift.Sequence.Element
(extension in Swift):Swift.RangeReplaceableCollection< where A: Swift.BidirectionalCollection>.removeLast(Swift.Int) -> ()
(extension in Swift):Swift.RangeReplaceableCollection< where A: Swift.MutableCollection>.removeAll(where: (A.Swift.Sequence.Element) throws -> Swift.Bool) throws -> ()
dispatch thunk of Swift.RangeReplaceableCollection.init() -> A
method descriptor for Swift.RangeReplaceableCollection.init() -> A
method descriptor for Swift.RangeReplaceableCollection.init<A where A1: Swift.Sequence, A.Element == A1.Element>(A1) -> A
(extension in Foundation):Swift.Range< where A == Swift.String.Index>.init(_: __C._NSRange, in: __shared Swift.String) -> Swift.Range<Swift.String.Index>?
type metadata accessor for Swift.Range
protocol conformance descriptor for < where A == Swift.Int> Swift.Range<A> : CoreAIRuntime.NDArray.RangeExpression in CoreAIRuntime
protocol conformance descriptor for < where A: Swift.Strideable, A.Stride: Swift.SignedInteger> Swift.Range<A> : Swift.BidirectionalCollection in Swift
protocol conformance descriptor for Swift.Range<A> : Swift.RangeExpression in Swift
protocol conformance descriptor for < where A: Swift.Strideable, A.Stride: Swift.SignedInteger> Swift.Range<A> : Swift.RandomAccessCollection in Swift
protocol conformance descriptor for < where A: Swift.Strideable, A.Stride: Swift.SignedInteger> Swift.Range<A> : Swift.Collection in Swift
(extension in CoreGraphics):__C.CGContextRef.draw(_: __C.CGImageRef, in: __C.CGRect, byTiling: Swift.Bool) -> ()
(extension in Foundation):__C.NSEnumerator.makeIterator() -> Foundation.NSFastEnumerationIterator
(extension in Foundation):__C.NSFileHandle.read(upToCount: Swift.Int) throws -> Foundation.Data?
(extension in Foundation):__C.NSFileHandle.write<A where A: Foundation.DataProtocol>(contentsOf: A) throws -> ()
(extension in Foundation):__C.NSFileHandle.seekToEnd() throws -> Swift.UInt64
(extension in Foundation):__C.NSURLSession.AsyncBytes.makeAsyncIterator() -> (extension in Foundation):__C.NSURLSession.AsyncBytes.Iterator
type metadata accessor for (extension in Foundation):__C.NSURLSession.AsyncBytes
nominal type descriptor for (extension in Foundation):__C.NSURLSession.AsyncBytes
protocol conformance descriptor for (extension in Foundation):__C.NSURLSession.AsyncBytes : Swift.AsyncSequence in Foundation
(extension in Foundation):__C.NSURLSession.data(for: Foundation.URLRequest, delegate: __C.NSURLSessionTaskDelegate?) async throws -> (Foundation.Data, __C.NSURLResponse)
async function pointer to (extension in Foundation):__C.NSURLSession.data(for: Foundation.URLRequest, delegate: __C.NSURLSessionTaskDelegate?) async throws -> (Foundation.Data, __C.NSURLResponse)
(extension in Foundation):__C.NSURLSession.bytes(for: Foundation.URLRequest, delegate: __C.NSURLSessionTaskDelegate?) async throws -> ((extension in Foundation):__C.NSURLSession.AsyncBytes, __C.NSURLResponse)
async function pointer to (extension in Foundation):__C.NSURLSession.bytes(for: Foundation.URLRequest, delegate: __C.NSURLSessionTaskDelegate?) async throws -> ((extension in Foundation):__C.NSURLSession.AsyncBytes, __C.NSURLResponse)
(extension in Foundation):__C.NSURLSession.upload(for: Foundation.URLRequest, from: Foundation.Data, delegate: __C.NSURLSessionTaskDelegate?) async throws -> (Foundation.Data, __C.NSURLResponse)
async function pointer to (extension in Foundation):__C.NSURLSession.upload(for: Foundation.URLRequest, from: Foundation.Data, delegate: __C.NSURLSessionTaskDelegate?) async throws -> (Foundation.Data, __C.NSURLResponse)
(extension in Foundation):__C.NSURLSession.upload(for: Foundation.URLRequest, fromFile: Foundation.URL, delegate: __C.NSURLSessionTaskDelegate?) async throws -> (Foundation.Data, __C.NSURLResponse)
async function pointer to (extension in Foundation):__C.NSURLSession.upload(for: Foundation.URLRequest, fromFile: Foundation.URL, delegate: __C.NSURLSessionTaskDelegate?) async throws -> (Foundation.Data, __C.NSURLResponse)
(extension in Foundation):__C.NSURLSession.download(resumeFrom: Foundation.Data, delegate: __C.NSURLSessionTaskDelegate?) async throws -> (Foundation.URL, __C.NSURLResponse)
async function pointer to (extension in Foundation):__C.NSURLSession.download(resumeFrom: Foundation.Data, delegate: __C.NSURLSessionTaskDelegate?) async throws -> (Foundation.URL, __C.NSURLResponse)
(extension in Foundation):__C.NSURLSession.download(for: Foundation.URLRequest, delegate: __C.NSURLSessionTaskDelegate?) async throws -> (Foundation.URL, __C.NSURLResponse)
async function pointer to (extension in Foundation):__C.NSURLSession.download(for: Foundation.URLRequest, delegate: __C.NSURLSessionTaskDelegate?) async throws -> (Foundation.URL, __C.NSURLResponse)
(extension in Foundation):__C.NSFileManager.enumerator(at: Foundation.URL, includingPropertiesForKeys: [__C.NSURLResourceKey]?, options: __C.NSDirectoryEnumerationOptions, errorHandler: ((Foundation.URL, Swift.Error) -> Swift.Bool)?) -> __C.NSDirectoryEnumerator?
(extension in Foundation):__C.NSFileManager.replaceItemAt(_: Foundation.URL, withItemAt: Foundation.URL, backupItemName: Swift.String?, options: __C.NSFileManagerItemReplacementOptions) throws -> Foundation.URL?
static (extension in os):__C.os_log_type_t.error.getter : __C.os_log_type_t
type metadata accessor for (extension in Dispatch):__C.OS_dispatch_queue.Attributes
nominal type descriptor for (extension in Dispatch):__C.OS_dispatch_queue.Attributes
protocol conformance descriptor for (extension in Dispatch):__C.OS_dispatch_queue.Attributes : Swift.SetAlgebra in Dispatch
enum case for (extension in Dispatch):__C.OS_dispatch_queue.AutoreleaseFrequency.inherit((extension in Dispatch):__C.OS_dispatch_queue.AutoreleaseFrequency.Type) -> (extension in Dispatch):__C.OS_dispatch_queue.AutoreleaseFrequency
type metadata accessor for (extension in Dispatch):__C.OS_dispatch_queue.AutoreleaseFrequency
(extension in Dispatch):__C.OS_dispatch_queue.async(group: __C.OS_dispatch_group?, qos: Dispatch.DispatchQoS, flags: Dispatch.DispatchWorkItemFlags, execute: @convention(block) () -> ()) -> ()
(extension in Dispatch):__C.OS_dispatch_queue.init(label: Swift.String, qos: Dispatch.DispatchQoS, attributes: (extension in Dispatch):__C.OS_dispatch_queue.Attributes, autoreleaseFrequency: (extension in Dispatch):__C.OS_dispatch_queue.AutoreleaseFrequency, target: __C.OS_dispatch_queue?) -> __C.OS_dispatch_queue
static (extension in Dispatch):__C.OS_dispatch_queue.global(qos: Dispatch.DispatchQoS.QoSClass) -> __C.OS_dispatch_queue
static (extension in os):__C.os_signpost_type_t.end.getter : __C.os_signpost_type_t
static (extension in os):__C.os_signpost_type_t.begin.getter : __C.os_signpost_type_t
static (extension in os):__C.os_signpost_type_t.event.getter : __C.os_signpost_type_t
(extension in Dispatch):__C.OS_dispatch_semaphore.wait() -> ()
(extension in Dispatch):__C.OS_dispatch_semaphore.signal() -> Swift.Int
(extension in CoreML):__C.MLModel.prediction(from: [Swift.String : CoreML.MLTensor], using: __C.MLState) async throws -> [Swift.String : CoreML.MLTensor]
async function pointer to (extension in CoreML):__C.MLModel.prediction(from: [Swift.String : CoreML.MLTensor], using: __C.MLState) async throws -> [Swift.String : CoreML.MLTensor]
(extension in CoreML):__C.MLModel.prediction(from: [Swift.String : CoreML.MLTensor]) async throws -> [Swift.String : CoreML.MLTensor]
async function pointer to (extension in CoreML):__C.MLModel.prediction(from: [Swift.String : CoreML.MLTensor]) async throws -> [Swift.String : CoreML.MLTensor]
(extension in CoreML):__C.MLModel.makeState() -> __C.MLState
(extension in Foundation):__C.NSNumber.init(integerLiteral: Swift.Int) -> __C.NSNumber
(extension in ObjectiveC):__C.NSObject._rawHashValue(seed: Swift.Int) -> Swift.Int
static (extension in ObjectiveC):__C.NSObject.== infix(__C.NSObject, __C.NSObject) -> Swift.Bool
(extension in ObjectiveC):__C.NSObject.hash(into: inout Swift.Hasher) -> ()
protocol conformance descriptor for __C.NSObject : Swift.Hashable in ObjectiveC
(extension in Foundation):__C.NSString.init(stringLiteral: Swift.StaticString) -> __C.NSString
protocol conformance descriptor for __C.NSString : Swift.ExpressibleByStringLiteral in Foundation
static (extension in Foundation):__C._NSRange._conditionallyBridgeFromObjectiveC(_: __C.NSValue, result: inout __C._NSRange?) -> Swift.Bool
(extension in Foundation):__C._NSRange.init<A, B where A: Swift.RangeExpression, B: Swift.StringProtocol, A.Bound == Swift.String.Index>(_: A, in: B) -> __C._NSRange
(extension in Foundation):__C.NSScanner.scanString(Swift.String) -> Swift.String?
(extension in Foundation):__C.NSScanner.scanCharacter() -> Swift.Character?
(extension in Foundation):__C.NSScanner.scanUpToString(Swift.String) -> Swift.String?
(extension in os):__C.OS_os_log.init(subsystem: Swift.String, category: Swift.String) -> __C.OS_os_log
Swift.UnsafeMutablePointer.deallocate() -> ()
Swift.UnsafeMutablePointer.initialize(from: Swift.UnsafePointer<A>, count: Swift.Int) -> ()
Swift.UnsafeMutablePointer.initialize(repeating: A, count: Swift.Int) -> ()
Swift.UnsafeMutablePointer.deinitialize(count: Swift.Int) -> Swift.UnsafeMutableRawPointer
Swift.UnsafeMutablePointer.moveInitialize(from: Swift.UnsafeMutablePointer<A>, count: Swift.Int) -> ()
Swift.UnsafeMutablePointer.move() -> A
static Swift.UnsafeMutablePointer.allocate(capacity: Swift.Int) -> Swift.UnsafeMutablePointer<A>
type metadata accessor for Swift.UnsafeMutablePointer
nominal type descriptor for Swift.UnsafeMutablePointer
protocol conformance descriptor for Swift.UnsafeMutablePointer<A> : Swift.Comparable in Swift
type metadata accessor for Swift.Optional
nominal type descriptor for Swift.Optional
(extension in Swift):Swift.Optional<A where A: Swift.Hashable>.hash(into: inout Swift.Hasher) -> ()
Swift.UnsafeMutableBufferPointer.deallocate() -> ()
Swift.UnsafeMutableBufferPointer.initialize<A where A == A1.Element, A1: Swift.Sequence>(from: A1) -> (A1.Iterator, Swift.Int)
Swift.UnsafeMutableBufferPointer.initialize(repeating: A) -> ()
Swift.UnsafeMutableBufferPointer.init(start: Swift.UnsafeMutablePointer<A>?, count: Swift.Int) -> Swift.UnsafeMutableBufferPointer<A>
Swift.UnsafeMutableBufferPointer.init(_empty: ()) -> Swift.UnsafeMutableBufferPointer<A>
Swift.UnsafeMutableBufferPointer.swapAt(Swift.Int, Swift.Int) -> ()
static Swift.UnsafeMutableBufferPointer.allocate(capacity: Swift.Int) -> Swift.UnsafeMutableBufferPointer<A>
Swift.UnsafeMutableBufferPointer.init(mutating: Swift.UnsafeBufferPointer<A>) -> Swift.UnsafeMutableBufferPointer<A>
type metadata accessor for Swift.UnsafeMutableBufferPointer
Swift.UnsafeMutableBufferPointer.subscript.getter : (Swift.Range<Swift.Int>) -> Swift.Slice<Swift.UnsafeMutableBufferPointer<A>>
protocol conformance descriptor for Swift.UnsafeMutableBufferPointer<A> : Swift.MutableCollection in Swift
protocol conformance descriptor for Swift.UnsafeMutableBufferPointer<A> : Swift.RandomAccessCollection in Swift
protocol conformance descriptor for Swift.UnsafeMutableBufferPointer<A> : Swift.Collection in Swift
Swift.Substring.lowercased() -> Swift.String
Swift.Substring.uppercased() -> Swift.String
nominal type descriptor for Swift.Substring.UnicodeScalarView
type metadata for Swift.Substring.UnicodeScalarView
protocol conformance descriptor for Swift.Substring : _StringProcessing.RegexComponent in RegexBuilder
Swift.Substring.index(before: Swift.String.Index) -> Swift.String.Index
Swift.Substring.index(_: Swift.String.Index, offsetBy: Swift.Int, limitedBy: Swift.String.Index) -> Swift.String.Index?
Swift.Substring.UTF8View.index(after: Swift.String.Index) -> Swift.String.Index
Swift.Substring.UTF8View.index(_: Swift.String.Index, offsetBy: Swift.Int, limitedBy: Swift.String.Index) -> Swift.String.Index?
Swift.Substring.UTF8View.distance(from: Swift.String.Index, to: Swift.String.Index) -> Swift.Int
Swift.Substring.UTF8View.subscript.getter : (Swift.String.Index) -> Swift.UInt8
Swift.Substring.distance(from: Swift.String.Index, to: Swift.String.Index) -> Swift.Int
type metadata for Swift.Substring
protocol witness table for Swift.Substring : Swift.Hashable in Swift
protocol conformance descriptor for Swift.Substring : Swift.Sequence in Swift
protocol conformance descriptor for Swift.Substring : Swift.StringProtocol in Swift
protocol witness table for Swift.Substring : Swift.LosslessStringConvertible in Swift
Swift.Substring.subscript.getter : (Swift.String.Index) -> Swift.Character
Swift.Substring.init(Swift.String) -> Swift.Substring
Swift.Substring.subscript.getter : (Swift.Range<Swift.String.Index>) -> Swift.Substring
Swift.Substring.init<A where A: Swift.Sequence, A.Element == Swift.Character>(A) -> Swift.Substring
dispatch thunk of Swift.IteratorProtocol.next() -> A.Element?
method descriptor for Swift.IteratorProtocol.next() -> A.Element?
protocol descriptor for Swift.IteratorProtocol
nominal type descriptor for Swift.UInt
type metadata for Swift.UInt
protocol conformance descriptor for Swift.UInt : Swift.BinaryInteger in Swift
protocol conformance descriptor for Swift.UInt : Swift.FixedWidthInteger in Swift
protocol witness table for Swift.UInt : Swift.CustomStringConvertible in Swift
nominal type descriptor for Swift.UnsafeMutableRawPointer
associated conformance descriptor for Swift.Strideable.Swift.Strideable.Stride: Swift.Comparable
associated conformance descriptor for Swift.Strideable.Swift.Strideable.Stride: Swift.SignedNumeric
dispatch thunk of Swift.Strideable.advanced(by: A.Stride) -> A
dispatch thunk of Swift.Strideable.distance(to: A) -> A.Stride
protocol requirements base descriptor for Swift.Strideable
(extension in Foundation):Swift.StringProtocol.components(separatedBy: Foundation.CharacterSet) -> [Swift.String]
(extension in Foundation):Swift.StringProtocol.components<A where A1: Swift.StringProtocol>(separatedBy: A1) -> [Swift.String]
(extension in Foundation):Swift.StringProtocol.capitalized.getter : Swift.String
(extension in Foundation):Swift.StringProtocol.commonPrefix<A where A1: Swift.StringProtocol>(with: A1, options: __C.NSStringCompareOptions) -> Swift.String
(extension in Foundation):Swift.StringProtocol.trimmingCharacters(in: Foundation.CharacterSet) -> Swift.String
(extension in Foundation):Swift.StringProtocol.replacingOccurrences<A, B where A1: Swift.StringProtocol, B1: Swift.StringProtocol>(of: A1, with: B1, options: __C.NSStringCompareOptions, range: Swift.Range<Swift.String.Index>?) -> Swift.String
(extension in Foundation):Swift.StringProtocol.addingPercentEncoding(withAllowedCharacters: Foundation.CharacterSet) -> Swift.String?
(extension in Foundation):Swift.StringProtocol.removingPercentEncoding.getter : Swift.String?
(extension in Foundation):Swift.StringProtocol.localizedCaseInsensitiveCompare<A where A1: Swift.StringProtocol>(A1) -> __C.NSComparisonResult
(extension in Foundation):Swift.StringProtocol.decomposedStringWithCanonicalMapping.getter : Swift.String
(extension in Foundation):Swift.StringProtocol.precomposedStringWithCanonicalMapping.getter : Swift.String
(extension in Foundation):Swift.StringProtocol.decomposedStringWithCompatibilityMapping.getter : Swift.String
(extension in Foundation):Swift.StringProtocol.precomposedStringWithCompatibilityMapping.getter : Swift.String
(extension in Foundation):Swift.StringProtocol.data(using: (extension in Foundation):Swift.String.Encoding, allowLossyConversion: Swift.Bool) -> Foundation.Data?
(extension in Foundation):Swift.StringProtocol.range<A where A1: Swift.StringProtocol>(of: A1, options: __C.NSStringCompareOptions, range: Swift.Range<Swift.String.Index>?, locale: Foundation.Locale?) -> Swift.Range<Swift.String.Index>?
(extension in Foundation):Swift.StringProtocol.write(to: Foundation.URL, atomically: Swift.Bool, encoding: (extension in Foundation):Swift.String.Encoding) throws -> ()
(extension in Foundation):Swift.StringProtocol.compare<A where A1: Swift.StringProtocol>(_: A1, options: __C.NSStringCompareOptions, range: Swift.Range<Swift.String.Index>?, locale: Foundation.Locale?) -> __C.NSComparisonResult
(extension in Foundation):Swift.StringProtocol.contains<A where A1: Swift.StringProtocol>(A1) -> Swift.Bool
associated conformance descriptor for Swift.StringProtocol.Swift.Collection.SubSequence: Swift.StringProtocol
(extension in RegexBuilder):Swift.StringProtocol< where A.SubSequence == Swift.Substring>.split(separator: Swift.String, maxSplits: Swift.Int, omittingEmptySubsequences: Swift.Bool) -> [Swift.Substring]
protocol requirements base descriptor for Swift.StringProtocol
dispatch thunk of Swift.BinaryInteger.init<A where A1: Swift.BinaryInteger>(truncatingIfNeeded: A1) -> A
dispatch thunk of static Swift.BinaryInteger.& infix(A, A) -> A
dispatch thunk of static Swift.BinaryInteger.| infix(A, A) -> A
dispatch thunk of static Swift.BinaryInteger.>> infix<A where A1: Swift.BinaryInteger>(A, A1) -> A
dispatch thunk of static Swift.BinaryInteger.<< infix<A where A1: Swift.BinaryInteger>(A, A1) -> A
dispatch thunk of Swift.BinaryInteger._lowWord.getter : Swift.UInt
dispatch thunk of Swift.BinaryInteger.bitWidth.getter : Swift.Int
dispatch thunk of static Swift.BinaryInteger.isSigned.getter : Swift.Bool
(extension in Swift):Swift.BinaryInteger.description.getter : Swift.String
dispatch thunk of Swift.BinaryInteger.init<A where A1: Swift.BinaryInteger>(A1) -> A
Swift._bridgeAnyObjectToAny(Swift.AnyObject?) -> Any
Swift.ArraySlice._copyToContiguousArray() -> Swift.ContiguousArray<A>
Swift.ArraySlice.startIndex.getter : Swift.Int
Swift.ArraySlice.description.getter : Swift.String
Swift.ArraySlice.withContiguousStorageIfAvailable<A>((Swift.UnsafeBufferPointer<A>) throws -> A1) throws -> A1?
Swift.ArraySlice.endIndex.getter : Swift.Int
type metadata accessor for Swift.ArraySlice
nominal type descriptor for Swift.ArraySlice
static (extension in Swift):Swift.ArraySlice<A where A: Swift.Equatable>.== infix(Swift.ArraySlice<A>, Swift.ArraySlice<A>) -> Swift.Bool
protocol conformance descriptor for Swift.ArraySlice<A> : Swift.Sequence in Swift
protocol conformance descriptor for Swift.ArraySlice<A> : Swift.RandomAccessCollection in Swift
protocol conformance descriptor for Swift.ArraySlice<A> : Swift.Collection in Swift
Swift.ArraySlice.subscript.getter : (Swift.Int) -> A
type metadata accessor for Swift.OutputSpan
protocol descriptor for Swift.SetAlgebra
method descriptor for Swift.SetAlgebra.isDisjoint(with: A) -> Swift.Bool
method descriptor for Swift.SetAlgebra.isSuperset(of: A) -> Swift.Bool
method descriptor for Swift.SetAlgebra.subtracting(A) -> A
method descriptor for Swift.SetAlgebra.intersection(A) -> A
method descriptor for Swift.SetAlgebra.formIntersection(A) -> ()
method descriptor for Swift.SetAlgebra.symmetricDifference(__owned A) -> A
method descriptor for Swift.SetAlgebra.formSymmetricDifference(__owned A) -> ()
method descriptor for Swift.SetAlgebra.union(__owned A) -> A
method descriptor for Swift.SetAlgebra.insert(__owned A.Element) -> (inserted: Swift.Bool, memberAfterInsert: A.Element)
method descriptor for Swift.SetAlgebra.remove(A.Element) -> A.Element?
method descriptor for Swift.SetAlgebra.update(with: __owned A.Element) -> A.Element?
method descriptor for Swift.SetAlgebra.isEmpty.getter : Swift.Bool
dispatch thunk of Swift.SetAlgebra.contains(A.Element) -> Swift.Bool
method descriptor for Swift.SetAlgebra.contains(A.Element) -> Swift.Bool
method descriptor for Swift.SetAlgebra.isSubset(of: A) -> Swift.Bool
method descriptor for Swift.SetAlgebra.subtract(A) -> ()
method descriptor for Swift.SetAlgebra.formUnion(__owned A) -> ()
base conformance descriptor for Swift.SetAlgebra: Swift.Equatable
base conformance descriptor for Swift.SetAlgebra: Swift.ExpressibleByArrayLiteral
(extension in Swift):Swift.SetAlgebra.isDisjoint(with: A) -> Swift.Bool
(extension in Swift):Swift.SetAlgebra.isSuperset(of: A) -> Swift.Bool
(extension in Swift):Swift.SetAlgebra.subtracting(A) -> A
(extension in Swift):Swift.SetAlgebra.isEmpty.getter : Swift.Bool
(extension in Swift):Swift.SetAlgebra.isSubset(of: A) -> Swift.Bool
(extension in Swift):Swift.SetAlgebra.subtract(A) -> ()
(extension in Swift):Swift.SetAlgebra.init<A where A1: Swift.Sequence, A.Element == A1.Element>(__owned A1) -> A
method descriptor for Swift.SetAlgebra.init() -> A
dispatch thunk of Swift.SetAlgebra.init<A where A1: Swift.Sequence, A.Element == A1.Element>(__owned A1) -> A
method descriptor for Swift.SetAlgebra.init<A where A1: Swift.Sequence, A.Element == A1.Element>(__owned A1) -> A
Swift._HashTable.startBucket.getter : Swift._HashTable.Bucket
Swift._HashTable.previousHole(before: Swift._HashTable.Bucket) -> Swift._HashTable.Bucket
Swift._HashTable.occupiedBucket(after: Swift._HashTable.Bucket) -> Swift._HashTable.Bucket
Swift._HashTable.nextHole(atOrAfter: Swift._HashTable.Bucket) -> Swift._HashTable.Bucket
Swift._NativeSet._unsafeInsertNew(_: __owned A, at: Swift._HashTable.Bucket) -> ()
Swift._NativeSet.init(capacity: Swift.Int) -> Swift._NativeSet<A>
Swift._NativeSet._elements.getter : Swift.UnsafeMutablePointer<A>
Swift.__CocoaSet.makeIterator() -> Swift.__CocoaSet.Iterator
Swift.__CocoaSet.Iterator.next() -> Swift.AnyObject?
Swift.debugPrint<A where A: Swift.TextOutputStream>(_: Any..., separator: Swift.String, terminator: Swift.String, to: inout A) -> ()
Swift.AnyHashable._rawHashValue(seed: Swift.Int) -> Swift.Int
static Swift.AnyHashable.== infix(Swift.AnyHashable, Swift.AnyHashable) -> Swift.Bool
type metadata for Swift.AnyHashable
protocol witness table for Swift.AnyHashable : Swift.Hashable in Swift
Swift.AnyHashable.init<A where A: Swift.Hashable>(A) -> Swift.AnyHashable
nominal type descriptor for Swift.AnyIterator
protocol conformance descriptor for Swift.AnyIterator<A> : Swift.IteratorProtocol in Swift
Swift.ExecutorJob.init(Swift.UnownedJob) -> Swift.ExecutorJob
type metadata accessor for Swift.InlineArray
static Swift._SetStorage.copy(original: Swift.__RawSetStorage) -> Swift._SetStorage<A>
static Swift._SetStorage.resize(original: Swift.__RawSetStorage, capacity: Swift.Int, move: Swift.Bool) -> Swift._SetStorage<A>
static Swift._SetStorage.allocate(capacity: Swift.Int) -> Swift._SetStorage<A>
nominal type descriptor for Swift._SetStorage
Swift._StringGuts.foreignScalarAlign(Swift.String.Index) -> Swift.String.Index
Swift._StringGuts.fastUTF8ScalarLength(startingAt: Swift.Int) -> Swift.Int
Swift._StringGuts.foreignErrorCorrectedScalar(startingAt: Swift.String.Index) -> (Swift.Unicode.Scalar, scalarLength: Swift.Int)
Swift._StringGuts.grow(Swift.Int) -> ()
Swift._StringGuts.copyUTF8(into: Swift.UnsafeMutableBufferPointer<Swift.UInt8>) -> Swift.Int?
type metadata for Swift._StringGuts
protocol descriptor for Swift.CaseIterable
associated conformance descriptor for Swift.CaseIterable.Swift.CaseIterable.AllCases: Swift.Collection
dispatch thunk of static Swift.CaseIterable.allCases.getter : A.AllCases
method descriptor for static Swift.CaseIterable.allCases.getter : A.AllCases
protocol requirements base descriptor for Swift.CaseIterable
protocol descriptor for Swift.Identifiable
associated conformance descriptor for Swift.Identifiable.Swift.Identifiable.ID: Swift.Hashable
method descriptor for Swift.Identifiable.id.getter : A.ID
type metadata accessor for Swift.LazySequence
protocol conformance descriptor for Swift.LazySequence<A> : Swift.LazySequenceProtocol in Swift
Swift.StaticString.description.getter : Swift.String
nominal type descriptor for Swift.StaticString
type metadata accessor for Swift.Zip2Sequence
protocol conformance descriptor for Swift.Zip2Sequence<A, B> : Swift.Sequence in Swift
dispatch thunk of Swift._AnyIndexBox._typeID.getter : Swift.ObjectIdentifier
dispatch thunk of Swift._AnyIndexBox._isEqual(to: Swift._AnyIndexBox) -> Swift.Bool
Swift._ArrayBuffer._typeCheckSlowPath(Swift.Int) -> ()
generic pre-specialization <Swift.AnyObject> of Swift._ArrayBuffer._getElementSlowPath(Swift.Int) -> Swift.AnyObject
Swift._ArrayBuffer.firstElementAddress.getter : Swift.UnsafeMutablePointer<A>
Swift._ArrayBuffer._native.getter : Swift._ContiguousArrayBuffer<A>
Swift._ArrayBuffer._isNative.getter : Swift.Bool
type metadata accessor for Swift._ArrayBuffer
protocol conformance descriptor for Swift._ArrayBuffer<A> : Swift.Sequence in Swift
nominal type descriptor for Swift._IteratorBox
Swift._SliceBuffer.firstElementAddress.getter : Swift.UnsafeMutablePointer<A>
Swift._SliceBuffer.count.getter : Swift.Int
static Swift.DecodingError.dataCorruptedError(in: Swift.SingleValueDecodingContainer, debugDescription: Swift.String) -> Swift.DecodingError
static Swift.DecodingError.dataCorruptedError<A where A: Swift.KeyedDecodingContainerProtocol>(forKey: A.Key, in: A, debugDescription: Swift.String) -> Swift.DecodingError
enum case for Swift.DecodingError.keyNotFound(Swift.DecodingError.Type) -> (Swift.CodingKey, Swift.DecodingError.Context) -> Swift.DecodingError
enum case for Swift.DecodingError.typeMismatch(Swift.DecodingError.Type) -> (Any.Type, Swift.DecodingError.Context) -> Swift.DecodingError
enum case for Swift.DecodingError.dataCorrupted(Swift.DecodingError.Type) -> (Swift.DecodingError.Context) -> Swift.DecodingError
Swift.DecodingError.Context.init(codingPath: [Swift.CodingKey], debugDescription: Swift.String, underlyingError: Swift.Error?) -> Swift.DecodingError.Context
Swift.DecodingError.Context.codingPath.getter : [Swift.CodingKey]
type metadata accessor for Swift.DecodingError.Context
nominal type descriptor for Swift.DecodingError.Context
type metadata accessor for Swift.DecodingError
protocol witness table for Swift.DecodingError : Swift.Error in Swift
enum case for Swift.EncodingError.invalidValue(Swift.EncodingError.Type) -> (Any, Swift.EncodingError.Context) -> Swift.EncodingError
Swift.EncodingError.Context.init(codingPath: [Swift.CodingKey], debugDescription: Swift.String, underlyingError: Swift.Error?) -> Swift.EncodingError.Context
nominal type descriptor for Swift.EncodingError.Context
type metadata accessor for Swift.EncodingError
protocol witness table for Swift.EncodingError : Swift.Error in Swift
Swift.ManagedBuffer.headerAddress.getter : Swift.UnsafeMutablePointer<A>
Swift.ManagedBuffer.firstElementAddress.getter : Swift.UnsafeMutablePointer<B>
static Swift.ManagedBuffer.create(minimumCapacity: Swift.Int, makingHeaderWith: (Swift.ManagedBuffer<A, B>) throws -> A) throws -> Swift.ManagedBuffer<A, B>
Swift.ManagedBuffer.capacity.getter : Swift.Int
nominal type descriptor for Swift.ManagedBuffer
class metadata base offset for Swift.ManagedBuffer
Swift.ManagedBuffer.deinit
nominal type descriptor for Swift.OpaquePointer
Swift._StringObject.sharedUTF8.getter : Swift.UnsafeBufferPointer<Swift.UInt8>
Swift.repeatElement<A>(_: A, count: Swift.Int) -> Swift.Repeated<A>
type metadata accessor for Swift.CollectionOfOne
Swift.CollectionOfOne.init(A) -> Swift.CollectionOfOne<A>
protocol conformance descriptor for Swift.CollectionOfOne<A> : Swift.Sequence in Swift
protocol conformance descriptor for Swift.CollectionOfOne<A> : Swift.Collection in Swift
Swift.ContiguousArray.withContiguousStorageIfAvailable<A>((Swift.UnsafeBufferPointer<A>) throws -> A1) throws -> A1?
Swift.ContiguousArray.withContiguousMutableStorageIfAvailable<A>((inout Swift.UnsafeMutableBufferPointer<A>) throws -> A1) throws -> A1?
Swift.ContiguousArray._copyToContiguousArray() -> Swift.ContiguousArray<A>
Swift.ContiguousArray.init(arrayLiteral: A...) -> Swift.ContiguousArray<A>
Swift.ContiguousArray.reserveCapacity(Swift.Int) -> ()
Swift.ContiguousArray._makeMutableAndUnique() -> ()
static Swift.ContiguousArray._allocateUninitialized(Swift.Int) -> (Swift.ContiguousArray<A>, Swift.UnsafeMutablePointer<A>)
static Swift.ContiguousArray._allocateBufferUninitialized(minimumCapacity: Swift.Int) -> Swift._ContiguousArrayBuffer<A>
Swift.ContiguousArray.count.getter : Swift.Int
Swift.ContiguousArray.append<A where A == A1.Element, A1: Swift.Sequence>(contentsOf: __owned A1) -> ()
Swift.ContiguousArray.append(__owned A) -> ()
Swift.ContiguousArray.insert(_: __owned A, at: Swift.Int) -> ()
Swift.ContiguousArray.remove(at: Swift.Int) -> A
Swift.ContiguousArray.removeAll(keepingCapacity: Swift.Bool) -> ()
Swift.ContiguousArray.init() -> Swift.ContiguousArray<A>
type metadata accessor for Swift.ContiguousArray
nominal type descriptor for Swift.ContiguousArray
static (extension in Swift):Swift.ContiguousArray<A where A: Swift.Equatable>.== infix(Swift.ContiguousArray<A>, Swift.ContiguousArray<A>) -> Swift.Bool
Swift.ContiguousArray.init<A where A == A1.Element, A1: Swift.Sequence>(A1) -> Swift.ContiguousArray<A>
Swift.ContiguousArray.subscript.getter : (Swift.Range<Swift.Int>) -> Swift.ArraySlice<A>
protocol conformance descriptor for <A where A: Swift.Encodable> Swift.ContiguousArray<A> : Swift.Encodable in Swift
protocol conformance descriptor for Swift.ContiguousArray<A> : Swift.BidirectionalCollection in Swift
protocol conformance descriptor for Swift.ContiguousArray<A> : Swift.MutableCollection in Swift
protocol conformance descriptor for Swift.ContiguousArray<A> : Swift.Sequence in Swift
protocol conformance descriptor for <A where A: Swift.Decodable> Swift.ContiguousArray<A> : Swift.Decodable in Swift
protocol conformance descriptor for Swift.ContiguousArray<A> : Swift.RandomAccessCollection in Swift
protocol conformance descriptor for Swift.ContiguousArray<A> : Swift.Collection in Swift
protocol conformance descriptor for Swift.ContiguousArray<A> : Swift.RangeReplaceableCollection in Swift
Swift.ContiguousArray.subscript.modify : (Swift.Int) -> A
Swift.ContiguousArray.subscript.getter : (Swift.Int) -> A
Swift.ContinuousClock.now.getter : Swift.ContinuousClock.Instant
static Swift.ContinuousClock.now.getter : Swift.ContinuousClock.Instant
static Swift.ContinuousClock.Instant.< infix(Swift.ContinuousClock.Instant, Swift.ContinuousClock.Instant) -> Swift.Bool
static Swift.ContinuousClock.Instant.now.getter : Swift.ContinuousClock.Instant
Swift.ContinuousClock.Instant.advanced(by: Swift.Duration) -> Swift.ContinuousClock.Instant
Swift.ContinuousClock.Instant.duration(to: Swift.ContinuousClock.Instant) -> Swift.Duration
type metadata accessor for Swift.ContinuousClock.Instant
nominal type descriptor for Swift.ContinuousClock.Instant
protocol conformance descriptor for Swift.ContinuousClock.Instant : Swift.Equatable in Swift
protocol conformance descriptor for Swift.ContinuousClock.Instant : Swift.InstantProtocol in Swift
Swift.ContinuousClock.init() -> Swift.ContinuousClock
type metadata accessor for Swift.ContinuousClock
nominal type descriptor for Swift.ContinuousClock
protocol conformance descriptor for Swift.ContinuousClock : Swift.Clock in Swift
dispatch thunk of Swift.InstantProtocol.advanced(by: A.Duration) -> A
type metadata accessor for Swift.LazyMapSequence
nominal type descriptor for Swift.LazyMapSequence
protocol conformance descriptor for < where A: Swift.BidirectionalCollection> Swift.LazyMapSequence<A, B> : Swift.BidirectionalCollection in Swift
protocol conformance descriptor for Swift.LazyMapSequence<A, B> : Swift.Sequence in Swift
Swift._print_unlocked<A, B where B: Swift.TextOutputStream>(A, inout B) -> ()
type metadata accessor for Swift.IndexingIterator
nominal type descriptor for Swift.IndexingIterator
protocol conformance descriptor for Swift.IndexingIterator<A> : Swift.IteratorProtocol in Swift
type metadata accessor for Swift.PartialRangeFrom
nominal type descriptor for Swift.PartialRangeFrom
Swift.PartialRangeFrom.init(A) -> Swift.PartialRangeFrom<A>
protocol conformance descriptor for Swift.PartialRangeFrom<A> : Swift.RangeExpression in Swift
type metadata accessor for Swift.PartialRangeUpTo
nominal type descriptor for Swift.PartialRangeUpTo
Swift.PartialRangeUpTo.init(A) -> Swift.PartialRangeUpTo<A>
protocol conformance descriptor for Swift.PartialRangeUpTo<A> : Swift.RangeExpression in Swift
protocol descriptor for Swift.CustomReflectable
method descriptor for Swift.CustomReflectable.customMirror.getter : Swift.Mirror
protocol descriptor for Swift.FixedWidthInteger
dispatch thunk of static Swift.FixedWidthInteger.bitWidth.getter : Swift.Int
dispatch thunk of Swift.FixedWidthInteger.littleEndian.getter : A
dispatch thunk of Swift.FixedWidthInteger.nonzeroBitCount.getter : Swift.Int
dispatch thunk of Swift.FixedWidthInteger.leadingZeroBitCount.getter : Swift.Int
dispatch thunk of Swift.FixedWidthInteger.subtractingReportingOverflow(A) -> (partialValue: A, overflow: Swift.Bool)
dispatch thunk of static Swift.FixedWidthInteger.&<< infix(A, A) -> A
dispatch thunk of static Swift.FixedWidthInteger.max.getter : A
dispatch thunk of Swift.FixedWidthInteger.bigEndian.getter : A
static (extension in Swift):Swift.FixedWidthInteger.random<A where A1: Swift.RandomNumberGenerator>(in: Swift.Range<A>, using: inout A1) -> A
dispatch thunk of Swift._AnyCollectionBox.subscript.getter : (Swift._AnyIndexBox) -> A
Swift._NativeDictionary.mutatingFind(_: A, isUnique: Swift.Bool) -> (bucket: Swift._HashTable.Bucket, found: Swift.Bool)
Swift._NativeDictionary._insert(at: Swift._HashTable.Bucket, key: __owned A, value: __owned B) -> ()
Swift._NativeDictionary._values.getter : Swift.UnsafeMutablePointer<B>
type metadata accessor for Swift._NativeDictionary
Swift._NativeDictionary.init(__owned Swift.__RawDictionaryStorage) -> Swift._NativeDictionary<A, B>
Swift._NativeDictionary.init(__owned Swift.__CocoaDictionary) -> Swift._NativeDictionary<A, B>
Swift._assertionFailure(_: Swift.StaticString, _: Swift.String, file: Swift.StaticString, line: Swift.UInt, flags: Swift.UInt32) -> Swift.Never
Swift._assertionFailure(_: Swift.StaticString, _: Swift.String, flags: Swift.UInt32) -> Swift.Never
protocol descriptor for Swift.AdditiveArithmetic
method descriptor for static Swift.AdditiveArithmetic.+ infix(A, A) -> A
dispatch thunk of static Swift.AdditiveArithmetic.- infix(A, A) -> A
method descriptor for static Swift.AdditiveArithmetic.- infix(A, A) -> A
method descriptor for static Swift.AdditiveArithmetic.+= infix(inout A, A) -> ()
dispatch thunk of static Swift.AdditiveArithmetic.-= infix(inout A, A) -> ()
method descriptor for static Swift.AdditiveArithmetic.-= infix(inout A, A) -> ()
dispatch thunk of static Swift.AdditiveArithmetic.zero.getter : A
method descriptor for static Swift.AdditiveArithmetic.zero.getter : A
base conformance descriptor for Swift.AdditiveArithmetic: Swift.Equatable
Swift.EnumeratedSequence.makeIterator() -> Swift.EnumeratedSequence<A>.Iterator
Swift.EnumeratedSequence.Iterator.next() -> (offset: Swift.Int, element: A.Element)?
type metadata accessor for Swift.EnumeratedSequence.Iterator
type metadata accessor for Swift.EnumeratedSequence
protocol conformance descriptor for < where A: Swift.Collection> Swift.EnumeratedSequence<A> : Swift.Collection in Swift
nominal type descriptor for Swift.ReversedCollection
protocol conformance descriptor for Swift.ReversedCollection<A> : Swift.Sequence in Swift
Swift._CocoaArrayWrapper._copyContents(subRange: Swift.Range<Swift.Int>, initializing: Swift.UnsafeMutablePointer<Swift.AnyObject>) -> Swift.UnsafeMutablePointer<Swift.AnyObject>
Swift._CocoaArrayWrapper.endIndex.getter : Swift.Int
Swift._CocoaArrayWrapper.subscript.getter : (Swift.Range<Swift.Int>) -> Swift._SliceBuffer<Swift.AnyObject>
Swift._CocoaArrayWrapper.subscript.getter : (Swift.Int) -> Swift.AnyObject
static Swift._DictionaryStorage.copy(original: Swift.__RawDictionaryStorage) -> Swift._DictionaryStorage<A, B>
static Swift._DictionaryStorage.resize(original: Swift.__RawDictionaryStorage, capacity: Swift.Int, move: Swift.Bool) -> Swift._DictionaryStorage<A, B>
static Swift._DictionaryStorage.allocate(capacity: Swift.Int) -> Swift._DictionaryStorage<A, B>
nominal type descriptor for Swift._DictionaryStorage
dispatch thunk of Swift._AnyIteratorBoxBase.next() -> A?
type metadata accessor for Swift.CollectionDifference.Change
type metadata accessor for Swift.CollectionDifference
Swift.CollectionDifference.init<A where A1: Swift.Collection, A1.Element == Swift.CollectionDifference<A>.Change>(A1) -> Swift.CollectionDifference<A>?
(extension in Swift):Swift.LazySequenceProtocol.map<A>((A.Element) -> A1) -> Swift.LazyMapSequence<A.Elements, A1>
Swift.ManagedBufferPointer.init(unsafeBufferObject: Swift.AnyObject) -> Swift.ManagedBufferPointer<A, B>
Swift.ManagedBufferPointer._headerPointer.getter : Swift.UnsafeMutablePointer<A>
Swift.ManagedBufferPointer._elementPointer.getter : Swift.UnsafeMutablePointer<B>
Swift.ManagedBufferPointer.init(bufferClass: Swift.AnyObject.Type, minimumCapacity: Swift.Int, makingHeaderWith: (Swift.AnyObject, (Swift.AnyObject) -> Swift.Int) throws -> A) throws -> Swift.ManagedBufferPointer<A, B>
Swift.ManagedBufferPointer.isUniqueReference() -> Swift.Bool
type metadata accessor for Swift.ManagedBufferPointer
nominal type descriptor for Swift.ManagedBufferPointer
protocol descriptor for Swift._SwiftNewtypeWrapper
base conformance descriptor for Swift._SwiftNewtypeWrapper: Swift.RawRepresentable
base conformance descriptor for Swift._SwiftNewtypeWrapper: Swift._HasCustomAnyHashableRepresentation
(extension in Swift):Swift._SwiftNewtypeWrapper< where A: Swift.Hashable, A.Swift.RawRepresentable.RawValue: Swift.Hashable>._toCustomAnyHashable() -> Swift.AnyHashable?
type metadata for Swift.__StaticArrayStorage
nominal type descriptor for Swift._ClosureBasedIterator
protocol descriptor for Swift._ObjectiveCBridgeable
method descriptor for static Swift._ObjectiveCBridgeable._forceBridgeFromObjectiveC(_: A._ObjectiveCType, result: inout A?) -> ()
method descriptor for static Swift._ObjectiveCBridgeable._conditionallyBridgeFromObjectiveC(_: A._ObjectiveCType, result: inout A?) -> Swift.Bool
method descriptor for static Swift._ObjectiveCBridgeable._unconditionallyBridgeFromObjectiveC(A._ObjectiveCType?) -> A
method descriptor for Swift._ObjectiveCBridgeable._bridgeToObjectiveC() -> A._ObjectiveCType
Swift._findStringSwitchCase(cases: [Swift.StaticString], string: Swift.String) -> Swift.Int
Swift.withThrowingTaskGroup<A, B where A: Swift.Sendable>(of: A.Type, returning: B.Type, isolation: isolated Swift.Actor?, body: (inout Swift.ThrowingTaskGroup<A, Swift.Error>) async throws -> B) async throws -> B
async function pointer to Swift.withThrowingTaskGroup<A, B where A: Swift.Sendable>(of: A.Type, returning: B.Type, isolation: isolated Swift.Actor?, body: (inout Swift.ThrowingTaskGroup<A, Swift.Error>) async throws -> B) async throws -> B
Swift.withUnsafeCurrentTask<A>(body: (Swift.UnsafeCurrentTask?) throws -> A) throws -> A
Swift.KeyedDecodingContainer.nestedContainer<A where A1: Swift.CodingKey>(keyedBy: A1.Type, forKey: A) throws -> Swift.KeyedDecodingContainer<A1>
Swift.KeyedDecodingContainer.codingPath.getter : [Swift.CodingKey]
Swift.KeyedDecodingContainer.decodeIfPresent(_: Swift.String.Type, forKey: A) throws -> Swift.String?
Swift.KeyedDecodingContainer.decodeIfPresent(_: Swift.Bool.Type, forKey: A) throws -> Swift.Bool?
Swift.KeyedDecodingContainer.decodeIfPresent(_: Swift.Double.Type, forKey: A) throws -> Swift.Double?
Swift.KeyedDecodingContainer.decodeIfPresent(_: Swift.Float.Type, forKey: A) throws -> Swift.Float?
Swift.KeyedDecodingContainer.decodeIfPresent(_: Swift.Int.Type, forKey: A) throws -> Swift.Int?
Swift.KeyedDecodingContainer.decodeIfPresent<A where A1: Swift.Decodable>(_: A1.Type, forKey: A) throws -> A1?
Swift.KeyedDecodingContainer.decodeIfPresent(_: Swift.Int64.Type, forKey: A) throws -> Swift.Int64?
Swift.KeyedDecodingContainer.decode(_: Swift.String.Type, forKey: A) throws -> Swift.String
Swift.KeyedDecodingContainer.decode(_: Swift.Bool.Type, forKey: A) throws -> Swift.Bool
Swift.KeyedDecodingContainer.decode(_: Swift.Double.Type, forKey: A) throws -> Swift.Double
Swift.KeyedDecodingContainer.decode(_: Swift.Float.Type, forKey: A) throws -> Swift.Float
Swift.KeyedDecodingContainer.decode(_: Swift.Int.Type, forKey: A) throws -> Swift.Int
Swift.KeyedDecodingContainer.decode<A where A1: Swift.Decodable>(_: A1.Type, forKey: A) throws -> A1
Swift.KeyedDecodingContainer.decode(_: Swift.Int32.Type, forKey: A) throws -> Swift.Int32
Swift.KeyedDecodingContainer.decode(_: Swift.Int64.Type, forKey: A) throws -> Swift.Int64
Swift.KeyedDecodingContainer.allKeys.getter : [A]
Swift.KeyedDecodingContainer.contains(A) -> Swift.Bool
Swift.KeyedDecodingContainer.decodeNil(forKey: A) throws -> Swift.Bool
nominal type descriptor for Swift.KeyedDecodingContainer
protocol conformance descriptor for Swift.KeyedDecodingContainer<A> : Swift.KeyedDecodingContainerProtocol in Swift
Swift.KeyedEncodingContainer.nestedContainer<A where A1: Swift.CodingKey>(keyedBy: A1.Type, forKey: A) -> Swift.KeyedEncodingContainer<A1>
Swift.KeyedEncodingContainer.encodeIfPresent(_: Swift.String?, forKey: A) throws -> ()
Swift.KeyedEncodingContainer.encodeIfPresent(_: Swift.Bool?, forKey: A) throws -> ()
Swift.KeyedEncodingContainer.encodeIfPresent(_: Swift.Double?, forKey: A) throws -> ()
Swift.KeyedEncodingContainer.encodeIfPresent(_: Swift.Int?, forKey: A) throws -> ()
Swift.KeyedEncodingContainer.encodeIfPresent<A where A1: Swift.Encodable>(_: A1?, forKey: A) throws -> ()
Swift.KeyedEncodingContainer.encodeIfPresent(_: Swift.Int64?, forKey: A) throws -> ()
Swift.KeyedEncodingContainer.encode(_: Swift.String, forKey: A) throws -> ()
Swift.KeyedEncodingContainer.encode(_: Swift.Bool, forKey: A) throws -> ()
Swift.KeyedEncodingContainer.encode(_: Swift.Double, forKey: A) throws -> ()
Swift.KeyedEncodingContainer.encode(_: Swift.Float, forKey: A) throws -> ()
Swift.KeyedEncodingContainer.encode(_: Swift.Int, forKey: A) throws -> ()
Swift.KeyedEncodingContainer.encode<A where A1: Swift.Encodable>(_: A1, forKey: A) throws -> ()
Swift.KeyedEncodingContainer.encode(_: Swift.Int32, forKey: A) throws -> ()
nominal type descriptor for Swift.KeyedEncodingContainer
Swift._ContiguousArrayBuffer.firstElementAddress.getter : Swift.UnsafeMutablePointer<A>
Swift._ContiguousArrayBuffer.count.getter : Swift.Int
Swift._ContiguousArrayBuffer.init(Swift.__ContiguousArrayStorageBase) -> Swift._ContiguousArrayBuffer<A>
Swift._minimumMergeRunLength(Swift.Int) -> Swift.Int
Swift._stringCompareInternal(_: Swift._StringGuts, _: Swift.Range<Swift.Int>, _: Swift._StringGuts, _: Swift.Range<Swift.Int>, expecting: Swift._StringComparisonResult) -> Swift.Bool
Swift._writeBackMutableSlice<A, B where A: Swift.MutableCollection, B: Swift.Collection, A.Element == B.Element, A.Index == B.Index>(_: inout A, bounds: Swift.Range<A.Index>, slice: B) -> ()
protocol descriptor for Swift.CustomStringConvertible
dispatch thunk of Swift.CustomStringConvertible.description.getter : Swift.String
method descriptor for Swift.CustomStringConvertible.description.getter : Swift.String
protocol descriptor for Swift.ExpressibleByNilLiteral
method descriptor for Swift.ExpressibleByNilLiteral.init(nilLiteral: ()) -> A
type metadata accessor for Swift._ContiguousArrayStorage
nominal type descriptor for Swift._ContiguousArrayStorage
protocol descriptor for Swift.UnkeyedDecodingContainer
dispatch thunk of Swift.UnkeyedDecodingContainer.codingPath.getter : [Swift.CodingKey]
dispatch thunk of Swift.UnkeyedDecodingContainer.currentIndex.getter : Swift.Int
dispatch thunk of Swift.UnkeyedDecodingContainer.count.getter : Swift.Int?
dispatch thunk of Swift.UnkeyedDecodingContainer.decode(Swift.String.Type) throws -> Swift.String
dispatch thunk of Swift.UnkeyedDecodingContainer.decode(Swift.UInt.Type) throws -> Swift.UInt
dispatch thunk of Swift.UnkeyedDecodingContainer.decode<A where A1: Swift.Decodable>(A1.Type) throws -> A1
dispatch thunk of Swift.UnkeyedDecodingContainer.isAtEnd.getter : Swift.Bool
dispatch thunk of Swift.UnkeyedEncodingContainer.encode<A where A1: Swift.Sequence, A1.Element: Swift.Encodable>(contentsOf: A1) throws -> ()
dispatch thunk of Swift.UnkeyedEncodingContainer.encode(Swift.String) throws -> ()
dispatch thunk of Swift.UnkeyedEncodingContainer.encode(Swift.UInt) throws -> ()
dispatch thunk of Swift.UnkeyedEncodingContainer.encode<A where A1: Swift.Encodable>(A1) throws -> ()
protocol descriptor for Swift.ExpressibleByArrayLiteral
method descriptor for Swift.ExpressibleByArrayLiteral.init(arrayLiteral: A.ArrayLiteralElement...) -> A
protocol descriptor for Swift.ExpressibleByFloatLiteral
method descriptor for Swift.ExpressibleByFloatLiteral.init(floatLiteral: A.FloatLiteralType) -> A
associated conformance descriptor for Swift.ExpressibleByFloatLiteral.Swift.ExpressibleByFloatLiteral.FloatLiteralType: Swift._ExpressibleByBuiltinFloatLiteral
Swift.DefaultStringInterpolation.appendInterpolation<A>(A) -> ()
Swift.DefaultStringInterpolation.appendInterpolation<A where A: Swift.CustomStringConvertible>(A) -> ()
nominal type descriptor for Swift.DefaultStringInterpolation
type metadata for Swift.DefaultStringInterpolation
protocol witness table for Swift.DefaultStringInterpolation : Swift.StringInterpolationProtocol in Swift
protocol witness table for Swift.DefaultStringInterpolation : Swift.TextOutputStream in Swift
protocol descriptor for Swift.ExpressibleByStringLiteral
method descriptor for Swift.ExpressibleByStringLiteral.init(stringLiteral: A.StringLiteralType) -> A
associated conformance descriptor for Swift.ExpressibleByStringLiteral.Swift.ExpressibleByStringLiteral.StringLiteralType: Swift._ExpressibleByBuiltinStringLiteral
base conformance descriptor for Swift.ExpressibleByStringLiteral: Swift.ExpressibleByExtendedGraphemeClusterLiteral
Swift._forceBridgeFromObjectiveC<A>(Swift.AnyObject, A.Type) -> A
protocol descriptor for Swift.ExpressibleByBooleanLiteral
method descriptor for Swift.ExpressibleByBooleanLiteral.init(booleanLiteral: A.BooleanLiteralType) -> A
associated conformance descriptor for Swift.ExpressibleByBooleanLiteral.Swift.ExpressibleByBooleanLiteral.BooleanLiteralType: Swift._ExpressibleByBuiltinBooleanLiteral
protocol descriptor for Swift.ExpressibleByIntegerLiteral
dispatch thunk of Swift.ExpressibleByIntegerLiteral.init(integerLiteral: A.IntegerLiteralType) -> A
method descriptor for Swift.ExpressibleByIntegerLiteral.init(integerLiteral: A.IntegerLiteralType) -> A
associated conformance descriptor for Swift.ExpressibleByIntegerLiteral.Swift.ExpressibleByIntegerLiteral.IntegerLiteralType: Swift._ExpressibleByBuiltinIntegerLiteral
protocol requirements base descriptor for Swift.ExpressibleByIntegerLiteral
protocol descriptor for Swift.StringInterpolationProtocol
associated conformance descriptor for Swift.StringInterpolationProtocol.Swift.StringInterpolationProtocol.StringLiteralType: Swift._ExpressibleByBuiltinStringLiteral
method descriptor for Swift.StringInterpolationProtocol.appendLiteral(A.StringLiteralType) -> ()
method descriptor for Swift.StringInterpolationProtocol.init(literalCapacity: Swift.Int, interpolationCount: Swift.Int) -> A
type metadata for Swift.SystemRandomNumberGenerator
protocol witness table for Swift.SystemRandomNumberGenerator : Swift.RandomNumberGenerator in Swift
Swift._stringCompareWithSmolCheck(_: Swift._StringGuts, _: Swift._StringGuts, expecting: Swift._StringComparisonResult) -> Swift.Bool
protocol descriptor for Swift.CustomDebugStringConvertible
method descriptor for Swift.CustomDebugStringConvertible.debugDescription.getter : Swift.String
protocol descriptor for Swift.SingleValueDecodingContainer
dispatch thunk of Swift.SingleValueDecodingContainer.codingPath.getter : [Swift.CodingKey]
dispatch thunk of Swift.SingleValueDecodingContainer.decode(Swift.String.Type) throws -> Swift.String
dispatch thunk of Swift.SingleValueDecodingContainer.decode(Swift.Bool.Type) throws -> Swift.Bool
dispatch thunk of Swift.SingleValueDecodingContainer.decode(Swift.Double.Type) throws -> Swift.Double
dispatch thunk of Swift.SingleValueDecodingContainer.decode(Swift.Float.Type) throws -> Swift.Float
dispatch thunk of Swift.SingleValueDecodingContainer.decode(Swift.Int.Type) throws -> Swift.Int
dispatch thunk of Swift.SingleValueDecodingContainer.decode<A where A1: Swift.Decodable>(A1.Type) throws -> A1
dispatch thunk of Swift.SingleValueDecodingContainer.decodeNil() -> Swift.Bool
dispatch thunk of Swift.SingleValueEncodingContainer.encode(Swift.String) throws -> ()
dispatch thunk of Swift.SingleValueEncodingContainer.encode(Swift.Bool) throws -> ()
dispatch thunk of Swift.SingleValueEncodingContainer.encode(Swift.Double) throws -> ()
dispatch thunk of Swift.SingleValueEncodingContainer.encode(Swift.Float) throws -> ()
dispatch thunk of Swift.SingleValueEncodingContainer.encode(Swift.Int) throws -> ()
dispatch thunk of Swift.SingleValueEncodingContainer.encode<A where A1: Swift.Encodable>(A1) throws -> ()
dispatch thunk of Swift.SingleValueEncodingContainer.encodeNil() throws -> ()
type metadata accessor for Swift.__ContiguousArrayStorageBase
protocol descriptor for Swift.ExpressibleByDictionaryLiteral
method descriptor for Swift.ExpressibleByDictionaryLiteral.init(dictionaryLiteral: (A.Key, A.Value)...) -> A
Swift._copySequenceToContiguousArray<A where A: Swift.Sequence>(A) -> Swift.ContiguousArray<A.Element>
Swift._findStringSwitchCaseWithCache(cases: [Swift.StaticString], string: Swift.String, cache: inout Swift._OpaqueStringSwitchCache) -> Swift.Int
protocol descriptor for Swift.ExpressibleByStringInterpolation
method descriptor for Swift.ExpressibleByStringInterpolation.init(stringInterpolation: A.StringInterpolation) -> A
associated conformance descriptor for Swift.ExpressibleByStringInterpolation.Swift.ExpressibleByStringInterpolation.StringInterpolation: Swift.StringInterpolationProtocol
base conformance descriptor for Swift.ExpressibleByStringInterpolation: Swift.ExpressibleByStringLiteral
Swift._copyCollectionToContiguousArray<A where A: Swift.Collection>(A) -> Swift.ContiguousArray<A.Element>
protocol descriptor for Swift.ExpressibleByUnicodeScalarLiteral
method descriptor for Swift.ExpressibleByUnicodeScalarLiteral.init(unicodeScalarLiteral: A.UnicodeScalarLiteralType) -> A
associated conformance descriptor for Swift.ExpressibleByUnicodeScalarLiteral.Swift.ExpressibleByUnicodeScalarLiteral.UnicodeScalarLiteralType: Swift._ExpressibleByBuiltinUnicodeScalarLiteral
dispatch thunk of Swift._ExpressibleByBuiltinIntegerLiteral.init(_builtinIntegerLiteral: Builtin.IntLiteral) -> A
protocol descriptor for Swift._HasCustomAnyHashableRepresentation
method descriptor for Swift._HasCustomAnyHashableRepresentation._toCustomAnyHashable() -> Swift.AnyHashable?
Swift.max<A where A: Swift.Comparable>(A, A) -> A
Swift.min<A where A: Swift.Comparable>(A, A) -> A
Swift.zip<A, B where A: Swift.Sequence, B: Swift.Sequence>(A, B) -> Swift.Zip2Sequence<A, B>
protocol descriptor for Swift.ExpressibleByExtendedGraphemeClusterLiteral
method descriptor for Swift.ExpressibleByExtendedGraphemeClusterLiteral.init(extendedGraphemeClusterLiteral: A.ExtendedGraphemeClusterLiteralType) -> A
associated conformance descriptor for Swift.ExpressibleByExtendedGraphemeClusterLiteral.Swift.ExpressibleByExtendedGraphemeClusterLiteral.ExtendedGraphemeClusterLiteralType: Swift._ExpressibleByBuiltinExtendedGraphemeClusterLiteral
base conformance descriptor for Swift.ExpressibleByExtendedGraphemeClusterLiteral: Swift.ExpressibleByUnicodeScalarLiteral
nominal type descriptor for Swift.Int8
type metadata for Swift.Int8
protocol conformance descriptor for Swift.Int8 : Swift.FixedWidthInteger in Swift
Swift.swap<A>(inout A, inout A) -> ()
Swift.ELEMENT_TYPE_OF_SET_VIOLATES_HASHABLE_REQUIREMENTS(Any.Type) -> Swift.Never
Swift.KEY_TYPE_OF_DICTIONARY_VIOLATES_HASHABLE_REQUIREMENTS(Any.Type) -> Swift.Never
dispatch thunk of Swift.Clock.now.getter : A.Instant
dispatch thunk of Swift.Clock.sleep(until: A.Instant, tolerance: A.Duration?) async throws -> ()
async function pointer to dispatch thunk of Swift.Clock.sleep(until: A.Instant, tolerance: A.Duration?) async throws -> ()
static (extension in Swift):Swift.Clock< where A == Swift.ContinuousClock>.continuous.getter : Swift.ContinuousClock
protocol descriptor for Swift.Error
(extension in Foundation):Swift.Error.localizedDescription.getter : Swift.String
method descriptor for Swift.Error._getEmbeddedNSError() -> Swift.AnyObject?
method descriptor for Swift.Error._code.getter : Swift.Int
method descriptor for Swift.Error._domain.getter : Swift.String
method descriptor for Swift.Error._userInfo.getter : Swift.AnyObject?
(extension in Swift):Swift.Error._getEmbeddedNSError() -> Swift.AnyObject?
(extension in Swift):Swift.Error._code.getter : Swift.Int
(extension in Swift):Swift.Error._domain.getter : Swift.String
(extension in Swift):Swift.Error._userInfo.getter : Swift.AnyObject?
protocol self-conformance witness table for Swift.Error
nominal type descriptor for Swift.Int16
type metadata for Swift.Int16
protocol conformance descriptor for Swift.Int16 : Swift.FixedWidthInteger in Swift
protocol witness table for Swift.Int32 : CoreML.MLTensorScalar in CoreML
protocol witness table for Swift.Int32 : CoreML.MLShapedArrayScalar in CoreML
nominal type descriptor for Swift.Int32
type metadata for Swift.Int32
protocol witness table for Swift.Int32 : Swift.Encodable in Swift
protocol witness table for Swift.Int32 : Swift.Decodable in Swift
protocol conformance descriptor for Swift.Int32 : Swift.FixedWidthInteger in Swift
protocol witness table for Swift.Int32 : Swift.CustomStringConvertible in Swift
protocol witness table for Swift.Int32 : Swift.CVarArg in Swift
nominal type descriptor for Swift.Int64
type metadata for Swift.Int64
protocol conformance descriptor for Swift.Int64 : Swift.BinaryInteger in Swift
protocol conformance descriptor for Swift.Int64 : Swift.FixedWidthInteger in Swift
protocol witness table for Swift.Int64 : Swift.CustomStringConvertible in Swift
nominal type descriptor for Swift.Never
type metadata for Swift.Never
protocol witness table for Swift.Never : Swift.Error in Swift
Swift.Slice.startIndex.getter : A.Index
Swift.Slice.init(base: A, bounds: Swift.Range<A.Index>) -> Swift.Slice<A>
Swift.Slice.base.getter : A
Swift.Slice.index(_: A.Index, offsetBy: Swift.Int) -> A.Index
Swift.Slice.endIndex.getter : A.Index
Swift.Slice.formIndex(after: inout A.Index) -> ()
type metadata accessor for Swift.Slice
nominal type descriptor for Swift.Slice
Swift.Slice.subscript.getter : (A.Index) -> A.Element
protocol conformance descriptor for < where A: Swift.BidirectionalCollection> Swift.Slice<A> : Swift.BidirectionalCollection in Swift
protocol conformance descriptor for < where A: Swift.MutableCollection> Swift.Slice<A> : Swift.MutableCollection in Swift
protocol conformance descriptor for Swift.Slice<A> : Swift.Sequence in Swift
protocol conformance descriptor for < where A: Swift.RandomAccessCollection> Swift.Slice<A> : Swift.RandomAccessCollection in Swift
protocol conformance descriptor for Swift.Slice<A> : Swift.Collection in Swift
protocol conformance descriptor for < where A: Swift.RangeReplaceableCollection> Swift.Slice<A> : Swift.RangeReplaceableCollection in Swift
nominal type descriptor for Swift.UInt8
type metadata for Swift.UInt8
protocol conformance descriptor for Swift.UInt8 : Swift.BinaryInteger in Swift
protocol conformance descriptor for Swift.UInt8 : Swift.FixedWidthInteger in Swift
protocol witness table for Swift.UInt8 : Swift.CustomStringConvertible in Swift
protocol witness table for Swift.UInt8 : Swift.CVarArg in Swift
Swift.print(_: Any..., separator: Swift.String, terminator: Swift.String) -> ()
static Swift.Hasher._hash(seed: Swift.Int, bytes: Swift.UInt64, count: Swift.Int) -> Swift.Int
static Swift.Hasher._hash(seed: Swift.Int, _: Swift.UInt64) -> Swift.Int
Swift.Hasher.init(_seed: Swift.Int) -> Swift.Hasher
Swift.Hasher.combine(bytes: Swift.UnsafeRawBufferPointer) -> ()
Swift.Hasher._combine(Swift.UInt) -> ()
Swift.Hasher._combine(Swift.UInt8) -> ()
Swift.Hasher._combine(Swift.UInt16) -> ()
Swift.Hasher._combine(Swift.UInt32) -> ()
Swift.Hasher._combine(Swift.UInt64) -> ()
Swift.Hasher.finalize() -> Swift.Int
Swift.Hasher._finalize() -> Swift.Int
Swift.Hasher.init() -> Swift.Hasher
Swift.Mirror.init(reflecting: Any) -> Swift.Mirror
Swift.Mirror.subjectType.getter : Any.Type
enum case for Swift.Mirror.DisplayStyle.collection(Swift.Mirror.DisplayStyle.Type) -> Swift.Mirror.DisplayStyle
enum case for Swift.Mirror.DisplayStyle.dictionary(Swift.Mirror.DisplayStyle.Type) -> Swift.Mirror.DisplayStyle
enum case for Swift.Mirror.DisplayStyle.set(Swift.Mirror.DisplayStyle.Type) -> Swift.Mirror.DisplayStyle
type metadata accessor for Swift.Mirror.DisplayStyle
nominal type descriptor for Swift.Mirror.DisplayStyle
enum case for Swift.Mirror.AncestorRepresentation.generated(Swift.Mirror.AncestorRepresentation.Type) -> Swift.Mirror.AncestorRepresentation
type metadata accessor for Swift.Mirror.AncestorRepresentation
Swift.Mirror.children.getter : Swift.AnyCollection<(label: Swift.String?, value: Any)>
type metadata accessor for Swift.Mirror
Swift.Mirror.init<A, B where B: Swift.Collection>(_: A, unlabeledChildren: B, displayStyle: Swift.Mirror.DisplayStyle?, ancestorRepresentation: Swift.Mirror.AncestorRepresentation) -> Swift.Mirror
type metadata accessor for Swift.Result
nominal type descriptor for Swift.Result
nominal type descriptor for Swift.UInt16
type metadata for Swift.UInt16
protocol conformance descriptor for Swift.UInt16 : Swift.BinaryInteger in Swift
protocol conformance descriptor for Swift.UInt16 : Swift.FixedWidthInteger in Swift
protocol witness table for Swift.UInt16 : Swift.CVarArg in Swift
nominal type descriptor for Swift.UInt32
type metadata for Swift.UInt32
protocol conformance descriptor for Swift.UInt32 : Swift.BinaryInteger in Swift
protocol conformance descriptor for Swift.UInt32 : Swift.FixedWidthInteger in Swift
protocol witness table for Swift.UInt32 : Swift.CustomStringConvertible in Swift
nominal type descriptor for Swift.UInt64
type metadata for Swift.UInt64
protocol conformance descriptor for Swift.UInt64 : Swift.BinaryInteger in Swift
protocol conformance descriptor for Swift.UInt64 : Swift.FixedWidthInteger in Swift
protocol witness table for Swift.UInt64 : Swift.CustomStringConvertible in Swift
protocol descriptor for Swift.CVarArg
dispatch thunk of Swift.Decoder.codingPath.getter : [Swift.CodingKey]
dispatch thunk of Swift.Decoder.unkeyedContainer() throws -> Swift.UnkeyedDecodingContainer
dispatch thunk of Swift.Decoder.singleValueContainer() throws -> Swift.SingleValueDecodingContainer
dispatch thunk of Swift.Decoder.container<A where A1: Swift.CodingKey>(keyedBy: A1.Type) throws -> Swift.KeyedDecodingContainer<A1>
dispatch thunk of Swift.Encoder.codingPath.getter : [Swift.CodingKey]
dispatch thunk of Swift.Encoder.unkeyedContainer() -> Swift.UnkeyedEncodingContainer
dispatch thunk of Swift.Encoder.singleValueContainer() -> Swift.SingleValueEncodingContainer
dispatch thunk of Swift.Encoder.container<A where A1: Swift.CodingKey>(keyedBy: A1.Type) -> Swift.KeyedEncodingContainer<A1>
protocol witness table for Swift.Float16 : CoreML.MLTensorScalar in CoreML
nominal type descriptor for Swift.Float16
type metadata for Swift.Float16
protocol conformance descriptor for Swift.Float16 : Swift.BinaryFloatingPoint in Swift
enum case for Swift.Unicode.GeneralCategory.privateUse(Swift.Unicode.GeneralCategory.Type) -> Swift.Unicode.GeneralCategory
enum case for Swift.Unicode.GeneralCategory.unassigned(Swift.Unicode.GeneralCategory.Type) -> Swift.Unicode.GeneralCategory
enum case for Swift.Unicode.GeneralCategory.nonspacingMark(Swift.Unicode.GeneralCategory.Type) -> Swift.Unicode.GeneralCategory
static Swift.Unicode.GeneralCategory.== infix(Swift.Unicode.GeneralCategory, Swift.Unicode.GeneralCategory) -> Swift.Bool
enum case for Swift.Unicode.GeneralCategory.format(Swift.Unicode.GeneralCategory.Type) -> Swift.Unicode.GeneralCategory
enum case for Swift.Unicode.GeneralCategory.control(Swift.Unicode.GeneralCategory.Type) -> Swift.Unicode.GeneralCategory
enum case for Swift.Unicode.GeneralCategory.surrogate(Swift.Unicode.GeneralCategory.Type) -> Swift.Unicode.GeneralCategory
type metadata accessor for Swift.Unicode.GeneralCategory
protocol witness table for Swift.Unicode.GeneralCategory : Swift.Equatable in Swift
type metadata for Swift.Unicode.UTF8
protocol conformance descriptor for Swift.Unicode.UTF8 : Swift._UnicodeEncoding in Swift
Swift.Unicode.Scalar.Properties.isUppercase.getter : Swift.Bool
Swift.Unicode.Scalar.Properties.generalCategory.getter : Swift.Unicode.GeneralCategory
Swift.Unicode.Scalar.Properties.isCased.getter : Swift.Bool
type metadata accessor for Swift.Unicode.Scalar.Properties
Swift.Unicode.Scalar.properties.getter : Swift.Unicode.Scalar.Properties
nominal type descriptor for Swift.Unicode.Scalar
type metadata for Swift.Unicode.Scalar
Swift.Duration.components.getter : (seconds: Swift.Int64, attoseconds: Swift.Int64)
static Swift.Duration.< infix(Swift.Duration, Swift.Duration) -> Swift.Bool
static Swift.Duration.seconds(Swift.Double) -> Swift.Duration
type metadata accessor for Swift.Repeated
nominal type descriptor for Swift.Repeated
protocol conformance descriptor for Swift.Repeated<A> : Swift.Sequence in Swift
protocol descriptor for Swift.CodingKey
dispatch thunk of Swift.CodingKey.stringValue.getter : Swift.String
method descriptor for Swift.CodingKey.stringValue.getter : Swift.String
method descriptor for Swift.CodingKey.init(stringValue: Swift.String) -> A?
method descriptor for Swift.CodingKey.intValue.getter : Swift.Int?
method descriptor for Swift.CodingKey.init(intValue: Swift.Int) -> A?
base conformance descriptor for Swift.CodingKey: Swift.CustomStringConvertible
base conformance descriptor for Swift.CodingKey: Swift.CustomDebugStringConvertible
(extension in Swift):Swift.CodingKey.description.getter : Swift.String
(extension in Swift):Swift.CodingKey.debugDescription.getter : Swift.String
protocol descriptor for Swift.OptionSet
dispatch thunk of Swift.OptionSet.init(rawValue: A.RawValue) -> A
method descriptor for Swift.OptionSet.init(rawValue: A.RawValue) -> A
base conformance descriptor for Swift.OptionSet: Swift.RawRepresentable
base conformance descriptor for Swift.OptionSet: Swift.SetAlgebra
type metadata accessor for Swift.Unmanaged
nominal type descriptor for Swift.Unmanaged
Swift._typeName(_: Any.Type, qualified: Swift.Bool) -> Swift.String
protocol conformance descriptor for <A where A: Swift.Encodable> A? : Swift.Encodable in Swift
protocol conformance descriptor for <A where A: Swift.Hashable> A? : Swift.Hashable in Swift
protocol conformance descriptor for <A where A: Swift.Decodable> A? : Swift.Decodable in Swift
type metadata for Swift.AnyObject
type metadata for Any
type metadata for ()
value witness table for ()
value witness table for () -> ()
_CFBooleanGetTypeID
_CFGetTypeID
_CFNumberIsFloatType
_CGBitmapContextCreate
_CGBitmapContextCreateImage
_CGBitmapContextGetData
_CGColorSpaceCreateWithName
_CGContextSetInterpolationQuality
_CGImageGetHeight
_CGImageGetWidth
_MLModelCreatorDefinedKey
_MLModelDescriptionKey
_MTLCreateSystemDefaultDevice
_NSCocoaErrorDomain
_NSFilePosixPermissions
_NSFileSize
_NSHomeDirectory
_NSProgressThroughputKey
_NSURLFileSizeKey
_NSURLIsHiddenKey
_NSURLIsRegularFileKey
_NSURLIsSymbolicLinkKey
_OBJC_CLASS_$_ASWebAuthenticationSession
_OBJC_CLASS_$_CIContext
_OBJC_CLASS_$_CIImage
_OBJC_CLASS_$_MLFeatureDescription
_OBJC_CLASS_$_MLModel
_OBJC_CLASS_$_MLModelConfiguration
_OBJC_CLASS_$_MLMultiArray
_OBJC_CLASS_$_MPSGraph
_OBJC_CLASS_$_MPSGraphCompilationDescriptor
_OBJC_CLASS_$_MPSGraphDevice
_OBJC_CLASS_$_MPSGraphExecutableExecutionDescriptor
_OBJC_CLASS_$_MPSGraphShapedType
_OBJC_CLASS_$_MPSGraphTensor
_OBJC_CLASS_$_MPSGraphTensorData
_OBJC_CLASS_$_MPSNDArray
_OBJC_CLASS_$_MPSNDArrayDescriptor
_OBJC_CLASS_$_MPSNDArrayIdentity
_OBJC_CLASS_$_NSBundle
_OBJC_CLASS_$_NSByteCountFormatter
_OBJC_CLASS_$_NSCharacterSet
_OBJC_CLASS_$_NSDateFormatter
_OBJC_CLASS_$_NSFileHandle
_OBJC_CLASS_$_NSFileManager
_OBJC_CLASS_$_NSHTTPURLResponse
_OBJC_CLASS_$_NSISO8601DateFormatter
_OBJC_CLASS_$_NSInputStream
_OBJC_CLASS_$_NSJSONSerialization
_OBJC_CLASS_$_NSLock
_OBJC_CLASS_$_NSNull
_OBJC_CLASS_$_NSNumber
_OBJC_CLASS_$_NSObject
_OBJC_CLASS_$_NSProcessInfo
_OBJC_CLASS_$_NSProgress
_OBJC_CLASS_$_NSRegularExpression
_OBJC_CLASS_$_NSScanner
_OBJC_CLASS_$_NSString
_OBJC_CLASS_$_NSTextCheckingResult
_OBJC_CLASS_$_NSThread
_OBJC_CLASS_$_NSURLSession
_OBJC_CLASS_$_NSURLSessionConfiguration
_OBJC_CLASS_$_NSValue
_OBJC_CLASS_$_OS_dispatch_queue
_OBJC_CLASS_$_OS_os_log
_OBJC_CLASS_$_UIApplication
_OBJC_CLASS_$_UIDevice
_OBJC_CLASS_$_UIScene
_OBJC_CLASS_$_UIWindow
_OBJC_CLASS_$_UIWindowScene
_OBJC_CLASS_$_Swift._SwiftObject
_OBJC_METACLASS_$_NSObject
_OBJC_METACLASS_$_Swift._SwiftObject
_SecItemAdd
_SecItemCopyMatching
_SecItemDelete
_SecRandomCopyBytes
__Block_copy
__Block_release
__DefaultRuneLocale
__NSConcreteStackBlock
__Unwind_Resume
__ZNKSt13runtime_error4whatEv
__ZNKSt3__112basic_stringIcNS_11char_traitsIcEENS_9allocatorIcEEE4findEcm
__ZNKSt3__115basic_stringbufIcNS_11char_traitsIcEENS_9allocatorIcEEE3strEv
__ZNKSt3__119__shared_weak_count13__get_deleterERKSt9type_info
__ZNKSt3__16locale9use_facetERNS0_2idE
__ZNKSt3__18ios_base6getlocEv
__ZNKSt3__18time_putIcNS_19ostreambuf_iteratorIcNS_11char_traitsIcEEEEE3putES4_RNS_8ios_baseEcPK2tmPKcSC_
__ZNKSt9exception4whatEv
__ZNSt11logic_errorC2EPKc
__ZNSt11logic_errorC2ERKS_
__ZNSt12length_errorD1Ev
__ZNSt12out_of_rangeD1Ev
__ZNSt13exception_ptrC1ERKS_
__ZNSt13exception_ptrD1Ev
__ZNSt13runtime_errorC1EPKc
__ZNSt13runtime_errorC1ERKNSt3__112basic_stringIcNS0_11char_traitsIcEENS0_9allocatorIcEEEE
__ZNSt13runtime_errorC1ERKS_
__ZNSt13runtime_errorC2EPKc
__ZNSt13runtime_errorC2ERKNSt3__112basic_stringIcNS0_11char_traitsIcEENS0_9allocatorIcEEEE
__ZNSt13runtime_errorC2ERKS_
__ZNSt13runtime_errorD1Ev
__ZNSt13runtime_errorD2Ev
__ZNSt13runtime_erroraSERKS_
__ZNSt14overflow_errorD1Ev
__ZNSt19bad_optional_accessD1Ev
__ZNSt20bad_array_new_lengthC1Ev
__ZNSt20bad_array_new_lengthD1Ev
__ZNSt3__112__next_primeEm
__ZNSt3__112basic_stringIcNS_11char_traitsIcEENS_9allocatorIcEEE5eraseEmm
__ZNSt3__112basic_stringIcNS_11char_traitsIcEENS_9allocatorIcEEE6appendEPKc
__ZNSt3__112basic_stringIcNS_11char_traitsIcEENS_9allocatorIcEEE6appendEPKcm
__ZNSt3__112basic_stringIcNS_11char_traitsIcEENS_9allocatorIcEEE6appendEmc
__ZNSt3__112basic_stringIcNS_11char_traitsIcEENS_9allocatorIcEEE6assignEPKc
__ZNSt3__112basic_stringIcNS_11char_traitsIcEENS_9allocatorIcEEE6assignEmc
__ZNSt3__112basic_stringIcNS_11char_traitsIcEENS_9allocatorIcEEE6insertENS_11__wrap_iterIPKcEEc
__ZNSt3__112basic_stringIcNS_11char_traitsIcEENS_9allocatorIcEEE6insertEmPKc
__ZNSt3__112basic_stringIcNS_11char_traitsIcEENS_9allocatorIcEEE6insertEmPKcm
__ZNSt3__112basic_stringIcNS_11char_traitsIcEENS_9allocatorIcEEE6resizeEmc
__ZNSt3__112basic_stringIcNS_11char_traitsIcEENS_9allocatorIcEEE7replaceEmmPKcm
__ZNSt3__112basic_stringIcNS_11char_traitsIcEENS_9allocatorIcEEE7reserveEm
__ZNSt3__112basic_stringIcNS_11char_traitsIcEENS_9allocatorIcEEE9__grow_byEmmmmmm
__ZNSt3__112basic_stringIcNS_11char_traitsIcEENS_9allocatorIcEEE9push_backEc
__ZNSt3__112basic_stringIcNS_11char_traitsIcEENS_9allocatorIcEEEC2ERKS5_mmRKS4_
__ZNSt3__112basic_stringIcNS_11char_traitsIcEENS_9allocatorIcEEED1Ev
__ZNSt3__112basic_stringIcNS_11char_traitsIcEENS_9allocatorIcEEEaSERKS5_
__ZNSt3__112future_errorC1ENS_10error_codeE
__ZNSt3__112future_errorD1Ev
__ZNSt3__113basic_istreamIcNS_11char_traitsIcEEE6sentryC1ERS3_b
__ZNSt3__113basic_ostreamIcNS_11char_traitsIcEEE3putEc
__ZNSt3__113basic_ostreamIcNS_11char_traitsIcEEE5flushEv
__ZNSt3__113basic_ostreamIcNS_11char_traitsIcEEE6sentryC1ERS3_
__ZNSt3__113basic_ostreamIcNS_11char_traitsIcEEE6sentryD1Ev
__ZNSt3__113basic_ostreamIcNS_11char_traitsIcEEED2Ev
__ZNSt3__113basic_ostreamIcNS_11char_traitsIcEEElsEb
__ZNSt3__113basic_ostreamIcNS_11char_traitsIcEEElsEd
__ZNSt3__113basic_ostreamIcNS_11char_traitsIcEEElsEi
__ZNSt3__113basic_ostreamIcNS_11char_traitsIcEEElsEj
__ZNSt3__113basic_ostreamIcNS_11char_traitsIcEEElsEl
__ZNSt3__113basic_ostreamIcNS_11char_traitsIcEEElsEm
__ZNSt3__113basic_ostreamIcNS_11char_traitsIcEEElsEx
__ZNSt3__114__shared_countD2Ev
__ZNSt3__114basic_iostreamIcNS_11char_traitsIcEEED2Ev
__ZNSt3__115__thread_structC1Ev
__ZNSt3__115__thread_structD1Ev
__ZNSt3__115future_categoryEv
__ZNSt3__117__assoc_sub_state10__sub_waitERNS_11unique_lockINS_5mutexEEE
__ZNSt3__117__assoc_sub_state13set_exceptionESt13exception_ptr
__ZNSt3__117__assoc_sub_state9__executeEv
__ZNSt3__118condition_variable10notify_allEv
__ZNSt3__118condition_variable10notify_oneEv
__ZNSt3__118condition_variable15__do_timed_waitERNS_11unique_lockINS_5mutexEEENS_6chrono10time_pointINS5_12system_clockENS5_8durationIxNS_5ratioILl1ELl1000000000EEEEEEE
__ZNSt3__118condition_variable4waitERNS_11unique_lockINS_5mutexEEE
__ZNSt3__118condition_variableD1Ev
__ZNSt3__119__shared_mutex_base11lock_sharedEv
__ZNSt3__119__shared_mutex_base13unlock_sharedEv
__ZNSt3__119__shared_mutex_base4lockEv
__ZNSt3__119__shared_mutex_base6unlockEv
__ZNSt3__119__shared_mutex_baseC1Ev
__ZNSt3__119__shared_weak_count14__release_weakEv
__ZNSt3__119__shared_weak_countD2Ev
__ZNSt3__119__thread_local_dataEv
__ZNSt3__120__throw_system_errorEiPKc
__ZNSt3__14cerrE
__ZNSt3__14stodERKNS_12basic_stringIcNS_11char_traitsIcEENS_9allocatorIcEEEEPm
__ZNSt3__15ctypeIcE2idE
__ZNSt3__15mutex4lockEv
__ZNSt3__15mutex6unlockEv
__ZNSt3__15mutexD1Ev
__ZNSt3__15stollERKNS_12basic_stringIcNS_11char_traitsIcEENS_9allocatorIcEEEEPmi
__ZNSt3__16__sortIRNS_6__lessIiiEEPiEEvT0_S5_T_
__ZNSt3__16chrono12steady_clock3nowEv
__ZNSt3__16chrono12system_clock3nowEv
__ZNSt3__16localeC1Ev
__ZNSt3__16localeD1Ev
__ZNSt3__16thread4joinEv
__ZNSt3__16threadD1Ev
__ZNSt3__18ios_base33__set_badbit_and_consider_rethrowEv
__ZNSt3__18ios_base4initEPv
__ZNSt3__18ios_base5clearEj
__ZNSt3__18time_putIcNS_19ostreambuf_iteratorIcNS_11char_traitsIcEEEEE2idE
__ZNSt3__19basic_iosIcNS_11char_traitsIcEEED2Ev
__ZNSt3__19to_stringEi
__ZNSt3__19to_stringEm
__ZNSt3__19to_stringEx
__ZNSt3__1plIcNS_11char_traitsIcEENS_9allocatorIcEEEENS_12basic_stringIT_T0_T1_EEPKS6_RKS9_
__ZNSt8bad_castC2Ev
__ZNSt8bad_castD2Ev
__ZNSt9exceptionD2Ev
__ZSt17current_exceptionv
__ZSt17rethrow_exceptionSt13exception_ptr
__ZSt9terminatev
__ZTINSt3__112future_errorE
__ZTINSt3__117__assoc_sub_stateE
__ZTINSt3__119__shared_weak_countE
__ZTIPKc
__ZTISt12bad_any_cast
__ZTISt12length_error
__ZTISt12out_of_range
__ZTISt13runtime_error
__ZTISt14overflow_error
__ZTISt18bad_variant_access
__ZTISt19bad_optional_access
__ZTISt20bad_array_new_length
__ZTISt9exception
__ZTIb
__ZTIi
__ZTIx
__ZTTNSt3__118basic_stringstreamIcNS_11char_traitsIcEENS_9allocatorIcEEEE
__ZTTNSt3__119basic_ostringstreamIcNS_11char_traitsIcEENS_9allocatorIcEEEE
__ZTVN10__cxxabiv117__class_type_infoE
__ZTVN10__cxxabiv120__si_class_type_infoE
__ZTVN10__cxxabiv121__vmi_class_type_infoE
__ZTVNSt3__112future_errorE
__ZTVNSt3__115basic_streambufIcNS_11char_traitsIcEEEE
__ZTVNSt3__115basic_stringbufIcNS_11char_traitsIcEENS_9allocatorIcEEEE
__ZTVNSt3__117__assoc_sub_stateE
__ZTVNSt3__118basic_stringstreamIcNS_11char_traitsIcEENS_9allocatorIcEEEE
__ZTVNSt3__119basic_ostringstreamIcNS_11char_traitsIcEENS_9allocatorIcEEEE
__ZTVSt12bad_any_cast
__ZTVSt12length_error
__ZTVSt12out_of_range
__ZTVSt14overflow_error
__ZTVSt18bad_variant_access
__ZTVSt19bad_optional_access
__ZdlPv
__Znwm
___chkstk_darwin
___cxa_allocate_exception
___cxa_atexit
___cxa_begin_catch
___cxa_end_catch
___cxa_free_exception
___cxa_guard_abort
___cxa_guard_acquire
___cxa_guard_release
___cxa_rethrow
___cxa_throw
___error
___exp10
___gxx_personality_v0
___maskrune
___stack_chk_fail
___stack_chk_guard
__availability_version_check
__objc_autoreleasePoolPop
__objc_autoreleasePoolPush
__objc_empty_cache
__os_log_impl
__swiftEmptyArrayStorage
__swiftEmptyDictionarySingleton
__swiftEmptySetSingleton
__swiftImmortalRefCount
__swift_FORCE_LOAD_$_swiftAccelerate
__swift_FORCE_LOAD_$_swiftCoreAudio
__swift_FORCE_LOAD_$_swiftCoreFoundation
__swift_FORCE_LOAD_$_swiftCoreImage
__swift_FORCE_LOAD_$_swiftCoreLocation
__swift_FORCE_LOAD_$_swiftDispatch
__swift_FORCE_LOAD_$_swiftFoundation
__swift_FORCE_LOAD_$_swiftMetal
__swift_FORCE_LOAD_$_swiftOSLog
__swift_FORCE_LOAD_$_swiftObjectiveC
__swift_FORCE_LOAD_$_swiftQuartzCore
__swift_FORCE_LOAD_$_swiftSpatial
__swift_FORCE_LOAD_$_swiftUIKit
__swift_FORCE_LOAD_$_swiftUniformTypeIdentifiers
__swift_FORCE_LOAD_$_swiftXPC
__swift_FORCE_LOAD_$_swift_Builtin_float
__swift_FORCE_LOAD_$_swiftos
__swift_FORCE_LOAD_$_swiftsimd
__swift_stdlib_operatingSystemVersion
__swift_stdlib_reportUnimplementedInitializer
__swift_stdlib_strtod_clocale
__tlv_atexit
__tlv_bootstrap
_abort
_bzero
_close
_dispatch_once_f
_dispatch_semaphore_create
_dlsym
_dup
_exit
_exp
_expf
_fchmod
_fclose
_fflush
_flock
_fmod
_fnmatch
_fopen
_fread
_free
_freeaddrinfo
_freeifaddrs
_fseek
_ftell
_gai_strerror
_getaddrinfo
_getenv
_getifaddrs
_gettimeofday
_if_nametoindex
_inet_ntop
_inet_pton
_kCGColorSpaceSRGB
_kSecAttrAccessible
_kSecAttrAccessibleAfterFirstUnlock
_kSecAttrAccount
_kSecAttrService
_kSecClass
_kSecClassGenericPassword
_kSecMatchLimit
_kSecMatchLimitOne
_kSecRandomDefault
_kSecReturnData
_kSecValueData
_localeconv
_localtime
_log
_log2
_logf
_lseek
_mach_absolute_time
_mach_task_self_
_mach_timebase_info
_malloc
_malloc_size
_memchr
_memcmp
_memcpy
_memmove
_memset
_modf
_objc_allocWithZone
_objc_autorelease
_objc_autoreleaseReturnValue
_objc_getAssociatedObject
_objc_msgSend
_objc_msgSendSuper2
_objc_opt_self
_objc_release
_objc_release_x1
_objc_release_x10
_objc_release_x19
_objc_release_x20
_objc_release_x21
_objc_release_x22
_objc_release_x23
_objc_release_x24
_objc_release_x25
_objc_release_x26
_objc_release_x27
_objc_release_x28
_objc_release_x8
_objc_retain
_objc_retainAutorelease
_objc_retainAutoreleasedReturnValue
_objc_retain_x1
_objc_retain_x10
_objc_retain_x19
_objc_retain_x2
_objc_retain_x20
_objc_retain_x21
_objc_retain_x22
_objc_retain_x23
_objc_retain_x24
_objc_retain_x25
_objc_retain_x26
_objc_retain_x27
_objc_retain_x28
_objc_retain_x8
_objc_retain_x9
_objc_setAssociatedObject
_objc_sync_enter
_objc_sync_exit
_object_getClass
_os_log_type_enabled
_os_proc_available_memory
_os_release
_os_unfair_lock_lock
_os_unfair_lock_unlock
_pow
_pthread_cond_broadcast
_pthread_cond_destroy
_pthread_cond_init
_pthread_cond_signal
_pthread_cond_timedwait
_pthread_cond_wait
_pthread_create
_pthread_getspecific
_pthread_mutex_destroy
_pthread_mutex_init
_pthread_mutex_lock
_pthread_mutex_unlock
_pthread_mutexattr_destroy
_pthread_mutexattr_init
_pthread_setspecific
_pthread_yield_np
_realloc
_rewind
_snprintf
_sscanf
_strcmp
_strdup
_strerror
_strlen
_strncmp
_strnlen
_strtod
_strtoimax
_swift_allocBox
_swift_allocError
_swift_allocObject
_swift_allocateGenericClassMetadata
_swift_allocateGenericValueMetadata
_swift_arrayDestroy
_swift_arrayInitWithCopy
_swift_arrayInitWithTakeBackToFront
_swift_arrayInitWithTakeFrontToBack
_swift_asyncLet_begin
_swift_asyncLet_finish
_swift_asyncLet_get
_swift_asyncLet_get_throwing
_swift_beginAccess
_swift_bridgeObjectRelease
_swift_bridgeObjectRelease_n
_swift_bridgeObjectRetain
_swift_bridgeObjectRetain_n
_swift_bufferAllocate
_swift_checkMetadataState
_swift_conformsToProtocol
_swift_continuation_await
_swift_continuation_init
_swift_continuation_throwingResume
_swift_continuation_throwingResumeWithError
_swift_coroFrameAlloc
_swift_deallocClassInstance
_swift_deallocObject
_swift_deallocPartialClassInstance
_swift_deallocUninitializedObject
_swift_defaultActor_deallocate
_swift_defaultActor_destroy
_swift_defaultActor_initialize
_swift_deletedAsyncMethodErrorTu
_swift_deletedMethodError
_swift_dynamicCast
_swift_dynamicCastClass
_swift_dynamicCastClassUnconditional
_swift_dynamicCastObjCClass
_swift_endAccess
_swift_errorRelease
_swift_errorRetain
_swift_getAssociatedConformanceWitness
_swift_getAssociatedTypeWitness
_swift_getAtKeyPath
_swift_getDynamicType
_swift_getEnumCaseMultiPayload
_swift_getEnumTagSinglePayloadGeneric
_swift_getErrorValue
_swift_getExistentialTypeMetadata
_swift_getExtendedExistentialTypeMetadata
_swift_getFixedArrayTypeMetadata
_swift_getForeignTypeMetadata
_swift_getFunctionTypeMetadata0
_swift_getFunctionTypeMetadata1
_swift_getGenericMetadata
_swift_getKeyPath
_swift_getObjCClassFromMetadata
_swift_getObjCClassMetadata
_swift_getObjectType
_swift_getOpaqueTypeConformance2
_swift_getSingletonMetadata
_swift_getTupleTypeLayout
_swift_getTupleTypeLayout2
_swift_getTupleTypeLayout3
_swift_getTupleTypeMetadata
_swift_getTupleTypeMetadata2
_swift_getTupleTypeMetadata3
_swift_getTypeByMangledNameInContext
_swift_getTypeByMangledNameInContext2
_swift_getTypeByMangledNameInContextInMetadataState
_swift_getTypeByMangledNameInContextInMetadataState2
_swift_getWitnessTable
_swift_initClassMetadata2
_swift_initEnumMetadataMultiPayload
_swift_initEnumMetadataSinglePayload
_swift_initStackObject
_swift_initStaticObject
_swift_initStructMetadata
_swift_isEscapingClosureAtFileLocation
_swift_isUniquelyReferenced_native
_swift_isUniquelyReferenced_nonNull_bridgeObject
_swift_isUniquelyReferenced_nonNull_native
_swift_job_run
_swift_makeBoxUnique
_swift_once
_swift_projectBox
_swift_release
_swift_release_n
_swift_release_x1
_swift_release_x10
_swift_release_x19
_swift_release_x20
_swift_release_x21
_swift_release_x22
_swift_release_x23
_swift_release_x24
_swift_release_x25
_swift_release_x26
_swift_release_x27
_swift_release_x28
_swift_release_x8
_swift_release_x9
_swift_retain
_swift_retain_n
_swift_retain_x1
_swift_retain_x10
_swift_retain_x19
_swift_retain_x2
_swift_retain_x20
_swift_retain_x21
_swift_retain_x22
_swift_retain_x23
_swift_retain_x24
_swift_retain_x25
_swift_retain_x26
_swift_retain_x27
_swift_retain_x28
_swift_retain_x8
_swift_retain_x9
_swift_runtimeSupportsNoncopyableTypes
_swift_setDeallocating
_swift_slowAlloc
_swift_slowDealloc
_swift_stdlib_random
_swift_storeEnumTagMultiPayload
_swift_storeEnumTagSinglePayloadGeneric
_swift_taskGroup_destroy
_swift_taskGroup_initialize
_swift_taskGroup_wait_next_throwing
_swift_task_addCancellationHandler
_swift_task_alloc
_swift_task_create
_swift_task_dealloc
_swift_task_future_wait_throwing
_swift_task_isCurrentExecutor
_swift_task_removeCancellationHandler
_swift_task_reportUnexpectedExecutor
_swift_task_switch
_swift_unexpectedError
_swift_unknownObjectRelease
_swift_unknownObjectRelease_n
_swift_unknownObjectRetain
_swift_unknownObjectRetain_n
_swift_updateClassMetadata2
_swift_weakAssign
_swift_weakDestroy
_swift_weakInit
_swift_weakLoadStrong
_swift_willThrow
_swift_willThrowTypedImpl
_sysconf
_sysctlbyname
_task_info
_time
_vDSP_maxv
_vDSP_maxvi
_vDSP_sve
_vDSP_vfill
_vDSP_vfltu8
_vDSP_vsadd
_vDSP_vsdiv
_vDSP_vsmsa
_vDSP_vsmul
_vImageConvert_Planar16FtoPlanarF
_voucher_adopt
_vvexpf
_wmemchr
